repeat,seed,dataset,prior,feature_index,feature,n_real,n_synthetic,real_mean,synthetic_mean,mean_difference,t_statistic,p_value,ks_statistic,standardized_mean_difference,standardized_wasserstein
0,42,HIV,Normal,1,spikeProduction_D1D2,91,91,3.140899490524124,3.126941156911326,-0.013958333612797968,0.9618926635037736,0.33810247634536594,0.31868131868131866,-0.10804998552967893,0.5575158646388269
0,42,HIV,Normal,2,spikeDecay_D1D2,91,91,0.024470117864209218,0.024514811522849313,4.469365864009575e-05,-0.41512022189883735,0.6788171601546592,0.25274725274725274,0.04668647239302035,0.465768480874902
0,42,HIV,Normal,3,spikeProduction_D3,91,91,0.62353461260324,0.6238028963843545,0.0002682837811145422,-0.601515868165906,0.5487922133078729,0.32967032967032966,0.06564359153867781,0.4884716779893993
0,42,HIV,Normal,4,spikeDecay_D3,91,91,0.008703867730858562,0.008663025684654713,-4.084204620384904e-05,1.5407788119030699,0.1262435138064941,0.2967032967032967,-0.17033790296438403,0.44260723005380687
0,42,HIV,Normal,5,RBDProduction_D1D2,91,91,2.404523417189881,2.395752673620706,-0.008770743569174844,0.7907004884480088,0.430856742420728,0.31868131868131866,-0.08690235547562412,0.5056268306363131
0,42,HIV,Normal,6,RBDDecay_D1D2,91,91,0.021558716197262753,0.021585806426438658,2.7090229175904396e-05,-1.0424271381105261,0.29970188913972257,0.38461538461538464,0.11258499065154239,0.5772286055383817
0,42,HIV,Normal,7,RBDProduction_D3,91,91,0.8169864972869119,0.8187278509140015,0.0017413536270896035,-0.6823124086215446,0.4964939829151528,0.24175824175824176,0.0751741954076224,0.47761987551872376
0,42,HIV,Normal,8,RBDDecay_D3,91,91,0.011376512891889274,0.01135639913871393,-2.0113753175343696e-05,0.8067740166005127,0.42151706469088224,0.34065934065934067,-0.08951305736573724,0.5300193382728904
0,42,HIV,Normal,9,V1_blood_IgGspike,91,91,6.896112140718397,4.910506625751872,-1.985605514966525,2.4667538442182204,0.015416594855104422,0.3516483516483517,-0.2625059084248054,0.4283410578657387
0,42,HIV,Normal,10,V4_blood_IgGspike,91,91,203.0056377518308,98.69736002827739,-104.3082777235534,3.4043761064211395,0.0009632687947358262,0.23076923076923078,-0.3644361096903538,0.39751138812474013
0,42,HIV,Normal,11,V4a_blood_IgGspike,91,91,125.34833855812366,67.62417250413161,-57.72416605399205,2.824842785346524,0.005773267172357178,0.25274725274725274,-0.2996310580075564,0.3432316521066568
0,42,HIV,Normal,12,V6_blood_IgGspike,91,91,924.6595707568493,648.6045869261354,-276.0549838307139,4.669048979692374,6.751336870504415e-06,0.4065934065934066,-0.5707376335748061,0.6520080673446698
0,42,HIV,Normal,13,V8_blood_IgGspike,91,91,483.44704525287335,241.40032967368325,-242.0467155791901,4.936875251779554,2.7402462461650586e-06,0.3626373626373626,-0.5513631406154708,0.5882251313870075
0,42,HIV,Normal,14,V8a_blood_IgGspike,91,91,339.3911614889627,162.83532983130152,-176.5558316576612,4.748222735622212,6.594748384997337e-06,0.3516483516483517,-0.5166817820729049,0.5414336137084533
0,42,HIV,Normal,15,V8b_blood_IgGspike,91,91,1349.6065938760946,1331.184601165436,-18.421992710658515,0.49837319264340973,0.6189546631726521,0.4175824175824176,-0.061274219714153526,0.3481442220801037
0,42,HIV,Normal,16,V9_blood_IgGspike,91,91,1015.3168724814614,902.3908285623069,-112.9260439191545,1.9985324743597894,0.047786782949401294,0.43956043956043955,-0.23121144139091418,0.5430184009613713
0,42,HIV,Normal,17,V10_blood_IgGspike,91,91,962.7392485063154,666.1010832734161,-296.6381652328994,4.962400734831625,2.4777902141968603e-06,0.4945054945054945,-0.5531650789361874,0.7257086905812848
0,42,HIV,Normal,18,V11_blood_IgGspike,91,91,1314.8465629829154,1259.7038191910628,-55.14274379185258,1.4464396421744363,0.15042246757839756,0.5934065934065934,-0.1694115582187687,0.5825761345984698
0,42,HIV,Normal,19,V1_blood_IgGRBD,91,91,5.13758461029975,4.0684700693402975,-1.0691145409594522,1.2996970166291038,0.1969394735319329,0.4175824175824176,-0.1371348328145224,0.1960929327514776
0,42,HIV,Normal,20,V4_blood_IgGRBD,91,91,226.04022855549067,72.43065810989548,-153.60957044559518,2.6230344109722643,0.010205125037568633,0.23076923076923078,-0.276309457844824,0.28940080654718503
0,42,HIV,Normal,21,V4a_blood_IgGRBD,91,91,159.47874348504203,48.36857600788494,-111.11016747715709,2.153103276855722,0.033968953973685774,0.2857142857142857,-0.2260396678148928,0.24039501937701335
0,42,HIV,Normal,22,V6_blood_IgGRBD,91,91,1757.633392538343,951.8726256653503,-805.7607668729928,4.948641533025588,2.3815258189359018e-06,0.3076923076923077,-0.5673423304176582,0.6055062776137758
0,42,HIV,Normal,23,V8_blood_IgGRBD,91,91,562.1188489578583,194.83241058181932,-367.286438376039,4.258468515978514,4.755868979223999e-05,0.3516483516483517,-0.4552187252679552,0.4679248983730921
0,42,HIV,Normal,24,V8a_blood_IgGRBD,91,91,494.1665499446156,167.281799526005,-326.8847504186106,3.718803358208079,0.0003407911669006291,0.3516483516483517,-0.39384490008307566,0.4027214143061643
0,42,HIV,Normal,25,V8b_blood_IgGRBD,91,91,2589.5026994170726,2278.9050333211712,-310.59766609590133,2.0430004253205762,0.043054736644203506,0.31868131868131866,-0.23871245443720543,0.46336029974802034
0,42,HIV,Normal,26,V9_blood_IgGRBD,91,91,1610.33636033928,934.693341601026,-675.643018738254,3.7927196124637916,0.0002487073142109936,0.26373626373626374,-0.41446976071140484,0.5255232867915873
0,42,HIV,Normal,27,V10_blood_IgGRBD,91,91,1740.3842333646921,679.6457030746963,-1060.7385302899959,5.775996843034855,9.387432606463509e-08,0.4175824175824176,-0.6158171370353929,0.6890310463268353
0,42,HIV,Normal,28,V11_blood_IgGRBD,91,91,2435.6731343898145,1900.6922010484632,-534.9809333413514,3.013223201587877,0.0031131248423266734,0.3516483516483517,-0.3498281495629624,0.5367305437228151
0,42,HIV,Normal,29,V4_Saliva_IgGspike,91,91,44.520155346000585,33.70500761074024,-10.815147735260346,3.231595387387928,0.0015777939292492208,0.3076923076923077,-0.3701927515171679,0.43279678759777845
0,42,HIV,Normal,30,V4_Saliva_IgGRBD,91,91,34.03445494174957,20.812549580584516,-13.221905361165057,3.283888478802168,0.001383544012737673,0.25274725274725274,-0.36040265392774695,0.42657279560757816
0,42,HIV,Normal,31,V5_Saliva_IgGspike,91,91,145.75231281021138,116.61993672297551,-29.13237608723587,2.4393754529187737,0.01622315449255149,0.2967032967032967,-0.2741474162263561,0.434516768229466
0,42,HIV,Normal,32,V5_Saliva_IgGRBD,91,91,153.54405279473943,111.5409914792239,-42.003061315515524,2.7744330930691,0.006502063399250511,0.27472527472527475,-0.3064743199356036,0.3944519483002003
0,42,HIV,Normal,33,V8_Saliva_IgGspike,91,91,125.64155031200293,96.10056958879743,-29.540980723205507,2.9780280204448584,0.0035732600273092273,0.2967032967032967,-0.32876629048416744,0.4976902264979553
0,42,HIV,Normal,34,V8_Saliva_IgGRBD,91,91,122.48972522295438,90.68100912492353,-31.808716098030843,2.951044607892094,0.003864955787592117,0.26373626373626374,-0.3270642062933097,0.4905514106992284
0,42,HIV,Normal,35,V8b_Saliva_IgGspike,91,91,338.2158605004405,314.91166225894466,-23.30419824149584,1.8514206604049708,0.06621057681934617,0.3626373626373626,-0.22179031977812022,0.4057120931183691
0,42,HIV,Normal,36,V8b_Saliva_IgGRBD,91,91,398.57266855436364,360.6711376315945,-37.901530922769155,2.346924748161227,0.02026062655669365,0.3076923076923077,-0.28684991282763544,0.42356489727583574
0,42,HIV,Normal,37,V9_Saliva_IgGspike,91,91,223.05881720666702,177.29456371265454,-45.76425349401248,3.3034758253689818,0.001213740354660041,0.2857142857142857,-0.3946267605670867,0.4656227519000673
0,42,HIV,Normal,38,V9_Saliva_IgGRBD,91,91,255.26088198462685,188.47702885722066,-66.78385312740619,3.4490690623431335,0.000776457214881552,0.27472527472527475,-0.39151549696828686,0.5445405095342175
0,42,HIV,Normal,39,V4_Saliva_IgAspike,91,91,47.108007475570005,38.060851945981874,-9.047155529588132,2.658593910918403,0.009005248196579666,0.24175824175824176,-0.29479937203153767,0.4041699666466369
0,42,HIV,Normal,40,V4_Saliva_IgARBD,91,91,43.100691578545415,32.710040647904954,-10.390650930640462,3.227620012502539,0.001578744714459512,0.32967032967032966,-0.3763695460139687,0.47366919037025385
0,42,HIV,Normal,41,V5_Saliva_IgAspike,91,91,84.73729122602023,70.24666763137985,-14.490623594640383,2.135444332477416,0.03475289061752221,0.3076923076923077,-0.24246040408450362,0.45067727356679715
0,42,HIV,Normal,42,V5_Saliva_IgARBD,91,91,83.34017392108728,63.64327112134996,-19.696902799737323,2.7509429196084665,0.006778182663039601,0.2967032967032967,-0.3220187297959819,0.44910723398715063
0,42,HIV,Normal,43,V8_Saliva_IgAspike,91,91,51.38416520219583,45.55358425601498,-5.830580946180852,1.4500041102084478,0.1499332921651757,0.2087912087912088,-0.159838259936937,0.35818291663561674
0,42,HIV,Normal,44,V8_Saliva_IgARBD,91,91,57.968210541285,42.91039018316583,-15.057820358119173,2.6474927956155376,0.009419483067536736,0.25274725274725274,-0.2853464393754948,0.4439841721690594
0,42,HIV,Normal,45,V8b_Saliva_IgAspike,91,91,46.935210124476924,35.303835344838575,-11.63137477963835,3.5344278453552898,0.0005779231262647096,0.34065934065934067,-0.4032993573141779,0.5097777636330876
0,42,HIV,Normal,46,V8b_Saliva_IgARBD,91,91,52.45808972107185,39.87801952152462,-12.58007019954723,2.8728999760801295,0.004814975290926704,0.2967032967032967,-0.3254790979926892,0.4084113095805733
0,42,HIV,Normal,47,V9_Saliva_IgAspike,91,91,27.16994598647068,20.722798551831925,-6.4471474346387545,2.4706824909859795,0.014910287485969387,0.2967032967032967,-0.27912555337275585,0.3897680970219686
0,42,HIV,Normal,48,V9_Saliva_IgARBD,91,91,26.604469154889767,16.108263948461513,-10.496205206428254,2.2402959743825384,0.027377750034282056,0.3076923076923077,-0.23873493437543652,0.3396647029203083
0,42,HIV,Normal,49,V8_IFNg,91,91,31.1695054599217,21.93580558797815,-9.23369987194355,2.4570464489418358,0.015385382713774175,0.21978021978021978,-0.282098203869725,0.39362601207556386
0,42,HIV,Normal,50,V9_IFNg,91,91,78.89835192083002,52.71932585684808,-26.179026063981944,2.3739180415159558,0.019229043061122695,0.17582417582417584,-0.26726087353074524,0.3569971845567317
0,42,HIV,Normal,51,V8_IL2,91,91,130.1841593312693,96.52064964797471,-33.663509683294606,2.228363088905857,0.02749266047008282,0.2087912087912088,-0.2640826569336373,0.3511409252275874
0,42,HIV,Normal,52,V9_IL2,91,91,174.50123680030907,124.70403985662774,-49.79719694368133,2.554651959455803,0.01173934608590799,0.21978021978021978,-0.30147402657027905,0.3738253927632801
0,42,HIV,Normal,53,V9Dual,91,91,19.905494527502373,12.701132488774729,-7.204362038727645,2.460692894580764,0.015289282854144165,0.2087912087912088,-0.27924873084737856,0.34917834887413257
0,42,HIV,Normal,54,V8Dual,91,91,8.972802202780167,6.005451734249409,-2.967350468530759,2.354912948563113,0.020287255254441132,0.17582417582417584,-0.2609070564900567,0.3333094723632796
0,42,HIV,Normal,55,IFNG_production,91,91,0.09224910548489008,0.09701207540110572,0.004762969916215637,-0.4645805049477422,0.6429809657651817,0.3626373626373626,0.05482099298224401,0.4244879194651933
0,42,HIV,Normal,56,Il2_production,91,91,0.2338140260551002,0.2323267461506875,-0.0014872799044127194,0.09608422331918469,0.923590301438327,0.21978021978021978,-0.01152510174573347,0.3197934709557151
0,42,HIV,Normal,57,RATIO_CD4CD8,91,91,1.2654785350128845,1.141192730966505,-0.12428580404637946,1.1511011558842077,0.2521310183710274,0.3076923076923077,-0.12810667141124443,0.38360105774489883
0,42,HIV,Normal,58,V8Neut,91,91,265.0976501297165,117.22982273521004,-147.86782739450646,4.038598432313923,0.0001009262728385081,0.3076923076923077,-0.44405672977856975,0.4610284023275442
0,42,HIV,Normal,59,V9Neut,91,91,935.7140911647251,454.3896948845832,-481.3243962801419,4.455302642700323,2.1439382755692103e-05,0.3516483516483517,-0.4830080621600317,0.5826653637120947
0,42,HIV,Normal,60,V7_ACE2,91,91,334.41255225716054,176.40848675402967,-158.00406550313087,4.082140509846383,8.931896512692251e-05,0.37362637362637363,-0.4409904037838043,0.4899820564591489
0,42,HIV,Normal,61,V8_ACE2,91,91,136.17588026444992,80.23256830068735,-55.94331196376257,3.5243219727527753,0.0006419611747156531,0.34065934065934067,-0.37961654209686263,0.4439456098113694
0,42,HIV,Normal,62,V8b_ACE2,91,91,694.1192100441062,507.098880642063,-187.02032940204322,3.600958527780021,0.00047740696972385427,0.3076923076923077,-0.3980171374575868,0.5674814644590833
0,42,HIV,Normal,63,V9_ACE2,91,91,523.224073766352,307.128537272359,-216.09553649399305,3.8232334506625407,0.0002199743330274,0.26373626373626374,-0.4213273067596532,0.5141108669317758
0,42,HIV,Log-normal,1,spikeProduction_D1D2,91,91,3.140899490524124,3.1182684269580214,-0.02263106356610267,1.5493039493166458,0.12397176705716134,0.3626373626373626,-0.17518027920741167,0.5336189424197583
0,42,HIV,Log-normal,2,spikeDecay_D1D2,91,91,0.024470117864209218,0.02456484823027155,9.473036606233096e-05,-0.892269970622997,0.3741763541725186,0.2857142857142857,0.09894489365188269,0.4833138428508838
0,42,HIV,Log-normal,3,spikeProduction_D3,91,91,0.62353461260324,0.6233598740546258,-0.00017473854861416172,0.3968820087770804,0.6922989632455983,0.32967032967032966,-0.042770446753645185,0.5380953477600446
0,42,HIV,Log-normal,4,spikeDecay_D3,91,91,0.008703867730858562,0.00867019492395959,-3.3672806898971466e-05,1.326691179510064,0.1878400099460157,0.3956043956043956,-0.14044370198805686,0.5977542128834907
0,42,HIV,Log-normal,5,RBDProduction_D1D2,91,91,2.404523417189881,2.388387137716943,-0.016136279472938053,1.473938676819069,0.14355769482567945,0.43956043956043955,-0.15988124659771769,0.5607899207732782
0,42,HIV,Log-normal,6,RBDDecay_D1D2,91,91,0.021558716197262753,0.02160073217045475,4.2015973191995154e-05,-1.608982470108957,0.11068546013968228,0.42857142857142855,0.1746135612023406,0.5725434338047753
0,42,HIV,Log-normal,7,RBDProduction_D3,91,91,0.8169864972869119,0.8156253964036375,-0.0013611008832743465,0.5524672004315703,0.58192215566363,0.34065934065934067,-0.05875557065077552,0.5897499516775768
0,42,HIV,Log-normal,8,RBDDecay_D3,91,91,0.011376512891889274,0.011373373864034374,-3.1390278548999034e-06,0.13048062289998455,0.8964543974066486,0.38461538461538464,-0.013975276851433743,0.6474500210074331
0,42,HIV,Log-normal,9,V1_blood_IgGspike,91,91,6.896112140718397,4.6556218692234586,-2.240490271494939,2.8040432747815656,0.006146301542349063,0.34065934065934067,-0.2962027472583585,0.44550759829467257
0,42,HIV,Log-normal,10,V4_blood_IgGspike,91,91,203.0056377518308,101.04836579207536,-101.95727195975543,3.357850882399499,0.001133984934768316,0.2967032967032967,-0.3562220799865569,0.4248618612002184
0,42,HIV,Log-normal,11,V4a_blood_IgGspike,91,91,125.34833855812366,69.60386158869817,-55.74447696942549,2.738037640790002,0.007407599844371944,0.2967032967032967,-0.28935504019543845,0.35528994353510607
0,42,HIV,Log-normal,12,V6_blood_IgGspike,91,91,924.6595707568493,662.4616974212311,-262.1978733356183,4.624600182537629,8.817395254651758e-06,0.4065934065934066,-0.5420882293279846,0.6593013798646598
0,42,HIV,Log-normal,13,V8_blood_IgGspike,91,91,483.44704525287335,236.0102066207718,-247.43683863210154,5.144855669750625,1.229420639093969e-06,0.4065934065934066,-0.5636413713595633,0.6131559048261285
0,42,HIV,Log-normal,14,V8a_blood_IgGspike,91,91,339.3911614889627,172.48118507469093,-166.9099764142718,4.53034504024782,1.626869539449242e-05,0.3626373626373626,-0.4884537051053457,0.5261799029874891
0,42,HIV,Log-normal,15,V8b_blood_IgGspike,91,91,1349.6065938760946,1353.5876679472872,3.981074071192552,-0.10863615757870891,0.913639858741833,0.34065934065934067,0.013242137151170239,0.27804835232119496
0,42,HIV,Log-normal,16,V9_blood_IgGspike,91,91,1015.3168724814614,974.2664332127833,-41.05043926867802,0.7234584203207055,0.4707076034621225,0.4175824175824176,-0.08404877017344438,0.507736978739152
0,42,HIV,Log-normal,17,V10_blood_IgGspike,91,91,962.7392485063154,653.425033401657,-309.3142151046585,5.232886094636986,8.181473102887663e-07,0.5274725274725275,-0.5768030829883061,0.741848171545571
0,42,HIV,Log-normal,18,V11_blood_IgGspike,91,91,1314.8465629829154,1265.83788391784,-49.00867906507551,1.3609551915006277,0.17630393605033765,0.6593406593406593,-0.15056667503921173,0.6133056962588663
0,42,HIV,Log-normal,19,V1_blood_IgGRBD,91,91,5.13758461029975,3.988407947204925,-1.1491766630948246,1.403583550423122,0.16385898304123153,0.4725274725274725,-0.14740443263142275,0.23170773839124906
0,42,HIV,Log-normal,20,V4_blood_IgGRBD,91,91,226.04022855549067,73.39500477549794,-152.64522377999273,2.6114823086465457,0.010542876835389419,0.2967032967032967,-0.2745747966686162,0.29677208818202616
0,42,HIV,Log-normal,21,V4a_blood_IgGRBD,91,91,159.47874348504203,52.22600687467135,-107.25273661037068,2.0785975553421348,0.04048539061605012,0.3516483516483517,-0.21819221248383638,0.24108558341170874
0,42,HIV,Log-normal,22,V6_blood_IgGRBD,91,91,1757.633392538343,928.5353334867037,-829.0980590516393,5.2851839531722415,6.455505087394328e-07,0.38461538461538464,-0.5837743747434373,0.6427156763340051
0,42,HIV,Log-normal,23,V8_blood_IgGRBD,91,91,562.1188489578583,219.84849259093568,-342.2703563669226,3.984127203437198,0.00013215255878438556,0.32967032967032966,-0.4242134878804187,0.4433414859055561
0,42,HIV,Log-normal,24,V8a_blood_IgGRBD,91,91,494.1665499446156,184.80199558132298,-309.36455436329265,3.5287005600143266,0.0006518165070870831,0.2967032967032967,-0.37273579843345345,0.3850054581332698
0,42,HIV,Log-normal,25,V8b_blood_IgGRBD,91,91,2589.5026994170726,2270.1408007275927,-319.36189868947986,2.1028067431523563,0.037398605168909686,0.34065934065934067,-0.24544822381563003,0.48106780726237125
0,42,HIV,Log-normal,26,V9_blood_IgGRBD,91,91,1610.33636033928,1030.1447505741328,-580.1916097651472,3.250920083937683,0.0015416564190238792,0.26373626373626374,-0.35591561353066226,0.5191695073900084
0,42,HIV,Log-normal,27,V10_blood_IgGRBD,91,91,1740.3842333646921,636.1720222221626,-1104.2122111425297,6.04573382641942,2.97332725111866e-08,0.43956043956043955,-0.6410559782155754,0.71291292551225
0,42,HIV,Log-normal,28,V11_blood_IgGRBD,91,91,2435.6731343898145,1766.298111800309,-669.3750225895055,4.031093479957722,0.00010654772629077749,0.46153846153846156,-0.43770974430053466,0.7092292903167667
0,42,HIV,Log-normal,29,V4_Saliva_IgGspike,91,91,44.520155346000585,36.31627614157541,-8.203879204425178,2.5525368899266714,0.012090769742590464,0.32967032967032966,-0.28081130109722346,0.5185573006531038
0,42,HIV,Log-normal,30,V4_Saliva_IgGRBD,91,91,34.03445494174957,19.932321726620852,-14.10213321512872,3.53992935506719,0.0006021546385218553,0.27472527472527475,-0.3843958527387866,0.4628941795066
0,42,HIV,Log-normal,31,V5_Saliva_IgGspike,91,91,145.75231281021138,120.27190793215574,-25.480404878055637,2.144811133052535,0.034085710684473934,0.27472527472527475,-0.2397808625324929,0.44104954846995026
0,42,HIV,Log-normal,32,V5_Saliva_IgGRBD,91,91,153.54405279473943,122.51811880593772,-31.02593398880171,2.066053655166937,0.04124966799699726,0.27472527472527475,-0.22637991865836402,0.4163110169781942
0,42,HIV,Log-normal,33,V8_Saliva_IgGspike,91,91,125.64155031200293,100.02084170331011,-25.620708608692823,2.5329679919422667,0.012634581279031316,0.27472527472527475,-0.2851370397299019,0.46256753844401804
0,42,HIV,Log-normal,34,V8_Saliva_IgGRBD,91,91,122.48972522295438,96.56687539488405,-25.922849828070326,2.384459487196062,0.018751622610569927,0.25274725274725274,-0.26654461342126523,0.4727169030663753
0,42,HIV,Log-normal,35,V8b_Saliva_IgGspike,91,91,338.2158605004405,347.9769266987895,9.761066198348999,-0.8475394136613913,0.3985926146421813,0.2967032967032967,0.09289767031899103,0.5221987000894998
0,42,HIV,Log-normal,36,V8b_Saliva_IgGRBD,91,91,398.57266855436364,392.5394545335036,-6.0332140208600435,0.41417202718223484,0.6795629350603326,0.34065934065934067,-0.04566106585523671,0.5053675211418827
0,42,HIV,Log-normal,37,V9_Saliva_IgGspike,91,91,223.05881720666702,205.59601341499078,-17.462803791676237,1.3107089596065202,0.19236317564651356,0.21978021978021978,-0.15058246540707054,0.473442806331104
0,42,HIV,Log-normal,38,V9_Saliva_IgGRBD,91,91,255.26088198462685,213.24855779291508,-42.01232419171177,2.19781308763056,0.02996282603214041,0.25274725274725274,-0.24629418767862185,0.5179440564201657
0,42,HIV,Log-normal,39,V4_Saliva_IgAspike,91,91,47.108007475570005,37.15466069651174,-9.953346779058265,3.019329920223996,0.0032224757418987953,0.3516483516483517,-0.3243273142663944,0.5008855179222933
0,42,HIV,Log-normal,40,V4_Saliva_IgARBD,91,91,43.100691578545415,35.15213415124914,-7.948557427296272,2.5181394259057535,0.01308244059718224,0.3516483516483517,-0.2879122075631591,0.4425249678295015
0,42,HIV,Log-normal,41,V5_Saliva_IgAspike,91,91,84.73729122602023,70.89865988427466,-13.838631341745568,2.038826652952996,0.04365774990835994,0.31868131868131866,-0.23155099055212797,0.4178489494190645
0,42,HIV,Log-normal,42,V5_Saliva_IgARBD,91,91,83.34017392108728,67.91610926324195,-15.424064657845335,2.1371651664375153,0.034389310803768516,0.24175824175824176,-0.25216335866570194,0.3965963530209577
0,42,HIV,Log-normal,43,V8_Saliva_IgAspike,91,91,51.38416520219583,44.10735828273899,-7.276806919456838,1.8110275010759826,0.072902572118043,0.27472527472527475,-0.19948467472536482,0.3971624570351827
0,42,HIV,Log-normal,44,V8_Saliva_IgARBD,91,91,57.968210541285,43.4435019335904,-14.524708607694606,2.4906058961091655,0.01424966451854625,0.23076923076923078,-0.27524394553015685,0.39727961418639407
0,42,HIV,Log-normal,45,V8b_Saliva_IgAspike,91,91,46.935210124476924,39.00688209114494,-7.9283280333319865,2.361307358973232,0.019698040674967693,0.26373626373626374,-0.27490213291485355,0.39370726216725255
0,42,HIV,Log-normal,46,V8b_Saliva_IgARBD,91,91,52.45808972107185,43.939483579698496,-8.518606141373354,1.9192118057915466,0.057243710943006,0.16483516483516483,-0.22039854865416522,0.33272529007034857
0,42,HIV,Log-normal,47,V9_Saliva_IgAspike,91,91,27.16994598647068,23.552223074567188,-3.617722911903492,1.3897162133232843,0.16724487981914932,0.26373626373626374,-0.1566272193746733,0.3526751402175459
0,42,HIV,Log-normal,48,V9_Saliva_IgARBD,91,91,26.604469154889767,17.926102826883504,-8.678366328006263,1.8514490856096637,0.0671734157624146,0.26373626373626374,-0.19738837924203997,0.32571492862751805
0,42,HIV,Log-normal,49,V8_IFNg,91,91,31.1695054599217,23.748635009094908,-7.4208704508267935,1.9315307538268474,0.05554588185655798,0.18681318681318682,-0.22671445143777363,0.3577589888817112
0,42,HIV,Log-normal,50,V9_IFNg,91,91,78.89835192083002,56.66464433565245,-22.233707585177577,1.9956641707125062,0.04821797770106682,0.2087912087912088,-0.2269832237276896,0.3433720853811306
0,42,HIV,Log-normal,51,V8_IL2,91,91,130.1841593312693,108.09839825053791,-22.0857610807314,1.474736759977869,0.14264215524570767,0.18681318681318682,-0.17325775444418196,0.2904299009421358
0,42,HIV,Log-normal,52,V9_IL2,91,91,174.50123680030907,145.40820593362326,-29.093030866685808,1.4933488563289052,0.13768465495654506,0.1978021978021978,-0.1761302216000513,0.36761233425415296
0,42,HIV,Log-normal,53,V9Dual,91,91,19.905494527502373,15.494870935167585,-4.4106235923347885,1.496270484807297,0.13715134060285802,0.2857142857142857,-0.1709604971880027,0.29961779182455484
0,42,HIV,Log-normal,54,V8Dual,91,91,8.972802202780167,7.060127268780719,-1.9126749339994484,1.4830247388319564,0.14069439055465333,0.23076923076923078,-0.16817380719949246,0.2787873107877347
0,42,HIV,Log-normal,55,IFNG_production,91,91,0.09224910548489008,0.10433040407823992,0.012081298593349832,-1.1325104361940288,0.25924141867642436,0.32967032967032966,0.13905370274848888,0.3675231308181756
0,42,HIV,Log-normal,56,Il2_production,91,91,0.2338140260551002,0.25552040322141334,0.02170637716631313,-1.3700978197768394,0.17272054849698618,0.23076923076923078,0.16820302358551895,0.367481204593635
0,42,HIV,Log-normal,57,RATIO_CD4CD8,91,91,1.2654785350128845,1.2276386769263299,-0.037839858086554656,0.35282596081165896,0.7248946102927676,0.37362637362637363,-0.03900305870444275,0.4005608874931678
0,42,HIV,Log-normal,58,V8Neut,91,91,265.0976501297165,119.78641490097884,-145.31123522873764,3.9451662462048773,0.00014066680654440395,0.25274725274725274,-0.43637906293148215,0.4489603709859114
0,42,HIV,Log-normal,59,V9Neut,91,91,935.7140911647251,509.040047949487,-426.6740432152381,3.9200231680088953,0.00015781424773419816,0.3516483516483517,-0.4281665399840386,0.5778369884582436
0,42,HIV,Log-normal,60,V7_ACE2,91,91,334.41255225716054,178.61148381495215,-155.8010684422084,4.068315757404039,9.641587650182467e-05,0.4175824175824176,-0.43484184960434186,0.5039030397160201
0,42,HIV,Log-normal,61,V8_ACE2,91,91,136.17588026444992,79.86168385599996,-56.31419640844996,3.5857169565133886,0.0005307328748942076,0.37362637362637363,-0.38213323697012963,0.4651280399917914
0,42,HIV,Log-normal,62,V8b_ACE2,91,91,694.1192100441062,543.616923740932,-150.5022863031743,2.9024947381903843,0.00447906512703502,0.3076923076923077,-0.3202992420682608,0.5636808881466797
0,42,HIV,Log-normal,63,V9_ACE2,91,91,523.224073766352,359.34859642615686,-163.87547734019518,2.8752045057972477,0.0048341377263332545,0.27472527472527475,-0.31951243254525913,0.4728530935264447
0,42,HIV,Class GMM,1,spikeProduction_D1D2,91,91,3.140899490524124,3.1439335215222703,0.003034030998146253,-0.2042934377465683,0.8384563389141879,0.26373626373626374,0.0234847140003615,0.46890709920521784
0,42,HIV,Class GMM,2,spikeDecay_D1D2,91,91,0.024470117864209218,0.02439994796864934,-7.016989555987813e-05,0.6487344800746587,0.5177670612369852,0.23076923076923078,-0.07329330643256472,0.4433679311819986
0,42,HIV,Class GMM,3,spikeProduction_D3,91,91,0.62353461260324,0.6238657052700336,0.0003310926667936531,-0.7289133607984738,0.46757505131313404,0.26373626373626374,0.08100419195872842,0.4641798621784392
0,42,HIV,Class GMM,4,spikeDecay_D3,91,91,0.008703867730858562,0.00869104230346588,-1.2825427392681304e-05,0.4841267071872424,0.6292607499411234,0.25274725274725274,-0.053487934958942995,0.45068623160504445
0,42,HIV,Class GMM,5,RBDProduction_D1D2,91,91,2.404523417189881,2.411415254676735,0.006891837486854069,-0.6150294325616379,0.539787315443506,0.1978021978021978,0.06828497804600513,0.4333060379805801
0,42,HIV,Class GMM,6,RBDDecay_D1D2,91,91,0.021558716197262753,0.021559650774349223,9.345770864699343e-07,-0.03552498083755696,0.9717281438805607,0.2857142857142857,0.0038859780876701233,0.5342648228045016
0,42,HIV,Class GMM,7,RBDProduction_D3,91,91,0.8169864972869119,0.81817969254085,0.0011931952539381285,-0.44667651703059286,0.6558741104854151,0.16483516483516483,0.051509865069317935,0.38208664309414614
0,42,HIV,Class GMM,8,RBDDecay_D3,91,91,0.011376512891889274,0.01136849733622192,-8.015555667354249e-06,0.30893353700980597,0.7578794890839677,0.25274725274725274,-0.035671769828081325,0.439690450688547
0,42,HIV,Class GMM,9,V1_blood_IgGspike,91,91,6.896112140718397,5.612244747497223,-1.2838673932211746,1.5496406516484817,0.12419797119235126,0.2967032967032967,-0.16973289065798766,0.34483180399911983
0,42,HIV,Class GMM,10,V4_blood_IgGspike,91,91,203.0056377518308,122.91985164893852,-80.08578610289227,2.5620045005756187,0.011822292103812507,0.16483516483516483,-0.27980671516540334,0.3238457279138988
0,42,HIV,Class GMM,11,V4a_blood_IgGspike,91,91,125.34833855812366,76.63739309206113,-48.710945466062526,2.3643678250078644,0.02004654668162705,0.15384615384615385,-0.2528458139130757,0.295754261366774
0,42,HIV,Class GMM,12,V6_blood_IgGspike,91,91,924.6595707568493,813.5642740438273,-111.0952967130221,1.8052409151911153,0.07292198861313837,0.3076923076923077,-0.22968737036070758,0.3765989008856974
0,42,HIV,Class GMM,13,V8_blood_IgGspike,91,91,483.44704525287335,349.47095047248587,-133.97609478038748,2.5664865455204007,0.0113420261201991,0.27472527472527475,-0.3051869881883647,0.4147072924362058
0,42,HIV,Class GMM,14,V8a_blood_IgGspike,91,91,339.3911614889627,237.18642681247584,-102.20473467648688,2.654635866733996,0.009042004290167112,0.24175824175824176,-0.29909704983886576,0.37788672731407214
0,42,HIV,Class GMM,15,V8b_blood_IgGspike,91,91,1349.6065938760946,1409.5810204809839,59.97442660488923,-1.6552822706657666,0.10006844878692239,0.31868131868131866,0.19948593028003014,0.29942131277845685
0,42,HIV,Class GMM,16,V9_blood_IgGspike,91,91,1015.3168724814614,939.5723280015883,-75.74454447987307,1.3217591094226149,0.18852135259131567,0.4175824175824176,-0.1550835880163517,0.4931843637691968
0,42,HIV,Class GMM,17,V10_blood_IgGspike,91,91,962.7392485063154,702.0062175373455,-260.73303096896996,4.258688274149714,4.0581653884085905e-05,0.4725274725274725,-0.4862098554055357,0.6690399353362912
0,42,HIV,Class GMM,18,V11_blood_IgGspike,91,91,1314.8465629829154,1241.9179828350361,-72.9285801478793,1.9139021097744442,0.05779862052872968,0.6263736263736264,-0.22405418133620006,0.5526202083420927
0,42,HIV,Class GMM,19,V1_blood_IgGRBD,91,91,5.13758461029975,4.26486395741557,-0.8727206528841798,1.0507260768199858,0.296024521539455,0.4175824175824176,-0.11194346076220005,0.1849460703431811
0,42,HIV,Class GMM,20,V4_blood_IgGRBD,91,91,226.04022855549067,93.16077802469442,-132.87945053079625,2.257049627936646,0.026328366988054346,0.14285714285714285,-0.23902058285274252,0.2528709366441914
0,42,HIV,Class GMM,21,V4a_blood_IgGRBD,91,91,159.47874348504203,55.39936761541681,-104.07937586962522,2.014767662616216,0.046883442930516786,0.1978021978021978,-0.21173640499345509,0.22385544233259663
0,42,HIV,Class GMM,22,V6_blood_IgGRBD,91,91,1757.633392538343,1338.7391805963202,-418.8942119420228,2.3905155766900177,0.018062175993880616,0.2087912087912088,-0.2949466865338718,0.3838362883320857
0,42,HIV,Class GMM,23,V8_blood_IgGRBD,91,91,562.1188489578583,348.29156246814097,-213.82728648971732,2.404132380874583,0.017900057433020436,0.1978021978021978,-0.26501979773943724,0.31717325644101735
0,42,HIV,Class GMM,24,V8a_blood_IgGRBD,91,91,494.1665499446156,266.06347752665425,-228.10307241796136,2.5521171365834565,0.012221284014644817,0.12087912087912088,-0.2748284418066269,0.2868718403651995
0,42,HIV,Class GMM,25,V8b_blood_IgGRBD,91,91,2589.5026994170726,2434.667276571085,-154.83542284598752,1.0225635830824085,0.30841787246596536,0.31868131868131866,-0.11899990580655669,0.4681842228569736
0,42,HIV,Class GMM,26,V9_blood_IgGRBD,91,91,1610.33636033928,951.4077975094973,-658.9285628297827,3.6713836856446758,0.000376283204600095,0.27472527472527475,-0.4042164554304136,0.4864451586497222
0,42,HIV,Class GMM,27,V10_blood_IgGRBD,91,91,1740.3842333646921,747.4655575595059,-992.9186758051862,5.323600909089298,6.074621974773258e-07,0.3516483516483517,-0.5764439891848926,0.6549155087650533
0,42,HIV,Class GMM,28,V11_blood_IgGRBD,91,91,2435.6731343898145,1830.4507976154705,-605.2223367743441,3.484306112974911,0.0006888727542045431,0.3626373626373626,-0.39575968685208857,0.5692163388182927
0,42,HIV,Class GMM,29,V4_Saliva_IgGspike,91,91,44.520155346000585,34.53239185207493,-9.987763493925655,3.0165168735393935,0.003124453367994599,0.3076923076923077,-0.3418721101602883,0.4389059371642316
0,42,HIV,Class GMM,30,V4_Saliva_IgGRBD,91,91,34.03445494174957,21.362371801020025,-12.672083140729548,3.1222706665616777,0.002292421410615807,0.23076923076923078,-0.34541556108873095,0.40845102968649194
0,42,HIV,Class GMM,31,V5_Saliva_IgGspike,91,91,145.75231281021138,117.63689342959897,-28.11541938061241,2.2656562478507754,0.025113350104183144,0.25274725274725274,-0.2645775624611137,0.38430283644944774
0,42,HIV,Class GMM,32,V5_Saliva_IgGRBD,91,91,153.54405279473943,118.12156698205969,-35.42248581267974,2.282023355568143,0.024260305524920606,0.25274725274725274,-0.2584593186051457,0.37251524306895284
0,42,HIV,Class GMM,33,V8_Saliva_IgGspike,91,91,125.64155031200293,104.1140243614113,-21.527525950591638,2.0879475711509756,0.038843913213879415,0.24175824175824176,-0.23958333244886731,0.39558010311483927
0,42,HIV,Class GMM,34,V8_Saliva_IgGRBD,91,91,122.48972522295438,90.21988791161841,-32.26983731133596,2.929006655072229,0.004074304198663807,0.24175824175824176,-0.3318056281409243,0.45415549825130097
0,42,HIV,Class GMM,35,V8b_Saliva_IgGspike,91,91,338.2158605004405,328.54053069733004,-9.675329803110458,0.757887948242668,0.4497456600650277,0.24175824175824176,-0.0920818205271322,0.33340281291028906
0,42,HIV,Class GMM,36,V8b_Saliva_IgGRBD,91,91,398.57266855436364,383.3383302793398,-15.234338275023845,0.9054932728153138,0.366567346543076,0.16483516483516483,-0.11529779435498166,0.2521261825032691
0,42,HIV,Class GMM,37,V9_Saliva_IgGspike,91,91,223.05881720666702,191.12563833299575,-31.933178873671267,2.2257471572002823,0.027510098181833705,0.2087912087912088,-0.2753609553969496,0.3368010687515738
0,42,HIV,Class GMM,38,V9_Saliva_IgGRBD,91,91,255.26088198462685,200.18645712045523,-55.07442486417162,2.736827859392098,0.007040365334967462,0.24175824175824176,-0.3228697790579169,0.4376976469760816
0,42,HIV,Class GMM,39,V4_Saliva_IgAspike,91,91,47.108007475570005,38.15474974454104,-8.953257731028962,2.5405912501511603,0.012294515804708151,0.1978021978021978,-0.29173970384052683,0.35233470288976104
0,42,HIV,Class GMM,40,V4_Saliva_IgARBD,91,91,43.100691578545415,34.059067265018,-9.041624313527414,2.659997332083127,0.008665469747580375,0.2967032967032967,-0.32750508106700954,0.3904131223234991
0,42,HIV,Class GMM,41,V5_Saliva_IgAspike,91,91,84.73729122602023,61.87314133067707,-22.86414989534316,3.2922261768098573,0.001282263278297563,0.3626373626373626,-0.38256809527274493,0.4479208605748862
0,42,HIV,Class GMM,42,V5_Saliva_IgARBD,91,91,83.34017392108728,62.785015378679546,-20.55515854240774,2.8342764957049007,0.005290198744811147,0.3076923076923077,-0.336049986535332,0.4154985470772628
0,42,HIV,Class GMM,43,V8_Saliva_IgAspike,91,91,51.38416520219583,41.16559138664832,-10.218573815547508,2.5094546430269915,0.013500130765950849,0.26373626373626374,-0.2801294514491183,0.3692209994995258
0,42,HIV,Class GMM,44,V8_Saliva_IgARBD,91,91,57.968210541285,42.15837037432325,-15.809840166961756,2.727694871749101,0.007451457971859146,0.2087912087912088,-0.2995972216840728,0.3982907372317999
0,42,HIV,Class GMM,45,V8b_Saliva_IgAspike,91,91,46.935210124476924,33.126804970122954,-13.80840515435397,4.05943978510807,8.29731625241797e-05,0.37362637362637363,-0.4787843047338286,0.528757516946353
0,42,HIV,Class GMM,46,V8b_Saliva_IgARBD,91,91,52.45808972107185,41.363708296974934,-11.094381424096916,2.3734423026924993,0.018946137163650498,0.23076923076923078,-0.28704042286145054,0.3167339853894833
0,42,HIV,Class GMM,47,V9_Saliva_IgAspike,91,91,27.16994598647068,19.835483750144203,-7.334462236326477,2.803665527595426,0.005899501398013965,0.34065934065934067,-0.31754136928429216,0.39866540729264666
0,42,HIV,Class GMM,48,V9_Saliva_IgARBD,91,91,26.604469154889767,14.255231687000819,-12.349237467888948,2.6335523934847322,0.00984462699513465,0.3516483516483517,-0.2808818948740218,0.3452527343837262
0,42,HIV,Class GMM,49,V8_IFNg,91,91,31.1695054599217,19.558849201097594,-11.610656258824108,2.961438378670865,0.003597000998199971,0.25274725274725274,-0.3547163249756018,0.3991449635678934
0,42,HIV,Class GMM,50,V9_IFNg,91,91,78.89835192083002,53.50918422950493,-25.389167691325092,2.2315264128847145,0.02737296662182781,0.17582417582417584,-0.25919721982564403,0.3099629450116391
0,42,HIV,Class GMM,51,V8_IL2,91,91,130.1841593312693,102.58694168761537,-27.59721764365395,1.7179155015763208,0.08778506861572824,0.15384615384615385,-0.21649378840668168,0.25122939537954364
0,42,HIV,Class GMM,52,V9_IL2,91,91,174.50123680030907,132.09771998898015,-42.40351681132893,2.1072174621862945,0.03680591133345689,0.2087912087912088,-0.2567124531347198,0.30838101918052047
0,42,HIV,Class GMM,53,V9Dual,91,91,19.905494527502373,14.118669764026182,-5.786824763476192,1.895628319247835,0.0601327244768479,0.1978021978021978,-0.22430342526857788,0.27895211444137324
0,42,HIV,Class GMM,54,V8Dual,91,91,8.972802202780167,5.2718008402939684,-3.701001362486199,2.9210278048613425,0.004213925150805391,0.21978021978021978,-0.32541397660207716,0.36697213906127824
0,42,HIV,Class GMM,55,IFNG_production,91,91,0.09224910548489008,0.08154380061039394,-0.010705304874496141,1.0229303999902855,0.3080766737682089,0.27472527472527475,-0.12321622209158885,0.3457077565824377
0,42,HIV,Class GMM,56,Il2_production,91,91,0.2338140260551002,0.22584072615091616,-0.00797329990418405,0.48665617656976284,0.6271721973223129,0.12087912087912088,-0.06178505767804724,0.21787403683383436
0,42,HIV,Class GMM,57,RATIO_CD4CD8,91,91,1.2654785350128845,1.1185856769373128,-0.14689285807557173,1.3202623881258948,0.18917726693421627,0.23076923076923078,-0.15140875745676707,0.31822079743621695
0,42,HIV,Class GMM,58,V8Neut,91,91,265.0976501297165,210.500574866494,-54.59707526322251,1.240454449438076,0.21652910498455344,0.14285714285714285,-0.16395853445872519,0.1770331460025357
0,42,HIV,Class GMM,59,V9Neut,91,91,935.7140911647251,487.5961960174225,-448.1178951473026,4.111695204771018,7.780536944224435e-05,0.3516483516483517,-0.44968533505156216,0.5524839750390474
0,42,HIV,Class GMM,60,V7_ACE2,91,91,334.41255225716054,222.83073148622617,-111.58182077093437,2.8307643936477973,0.00553870256158421,0.26373626373626374,-0.31142564263304195,0.391167865781662
0,42,HIV,Class GMM,61,V8_ACE2,91,91,136.17588026444992,97.87027673406915,-38.305603530380765,2.3775600985146474,0.019225550328435228,0.42857142857142855,-0.259931682906386,0.4088490529971885
0,42,HIV,Class GMM,62,V8b_ACE2,91,91,694.1192100441062,566.8561436579778,-127.26306638612846,2.4085619726516,0.017582873544502917,0.2967032967032967,-0.27084153161196706,0.5139857172125663
0,42,HIV,Class GMM,63,V9_ACE2,91,91,523.224073766352,315.692867907849,-207.53120585850303,3.6651775136962366,0.00038298597077694404,0.27472527472527475,-0.40462919780698536,0.4859901888953422
0,42,Breast Cancer,Normal,1,mean radius,569,569,14.127291743072348,13.902846507322181,-0.22444523575016717,1.1680717162260372,0.2430310625525146,0.0632688927943761,-0.06368962390192986,0.10813818006306995
0,42,Breast Cancer,Normal,2,mean texture,569,569,19.289648528677297,18.632178068580025,-0.6574704600972723,2.8839207812721885,0.004006363772313253,0.11247803163444639,-0.15286333834667823,0.20101865452119036
0,42,Breast Cancer,Normal,3,mean perimeter,569,569,91.96903329993384,90.33048045153357,-1.6385528484002663,1.242357896783995,0.21437049498760466,0.06502636203866433,-0.06743254767158695,0.11270361441729254
0,42,Breast Cancer,Normal,4,mean area,569,569,654.889103814043,623.1090306716142,-31.78007314242882,1.7016563787060446,0.08911026180319856,0.05799648506151142,-0.09030603245607995,0.12191132067821676
0,42,Breast Cancer,Normal,5,mean smoothness,569,569,0.09636028129312821,0.0957943109667783,-0.0005659703263499044,0.7782365685577858,0.4366076520618323,0.09314586994727592,-0.04024198804310268,0.22285128637921978
0,42,Breast Cancer,Normal,6,mean compactness,569,569,0.10434098429781481,0.10055668941766076,-0.0037842948801540544,1.3371604773617896,0.1814513745340869,0.06678383128295255,-0.0716548714707963,0.14805428951656077
0,42,Breast Cancer,Normal,7,mean concavity,569,569,0.08879931578830029,0.08356246194079207,-0.005236853847508216,1.2220379069423,0.221958667936935,0.06854130052724078,-0.06569068690178856,0.1329429258812534
0,42,Breast Cancer,Normal,8,mean concave points,569,569,0.04891914597230428,0.046301751607670555,-0.002617394364633728,1.242883150018523,0.21417695084847502,0.05272407732864675,-0.06745363097501655,0.12604785864282028
0,42,Breast Cancer,Normal,9,mean symmetry,569,569,0.18116186307792295,0.18112511471935233,-3.6748358570620754e-05,0.026057278696155067,0.9792167214147109,0.10193321616871705,-0.0013404057948090667,0.22362686291552
0,42,Breast Cancer,Normal,10,mean fractal dimension,569,569,0.06279760972974799,0.06256120126229597,-0.00023640846745201505,0.6366555317437733,0.5244869073038342,0.10017574692442882,-0.033484735832900285,0.15072999734678127
0,42,Breast Cancer,Normal,11,radius error,569,569,0.40517205624515434,0.3807603553173203,-0.024411700927834068,1.7318539888130544,0.0836062920211357,0.070298769771529,-0.08802952712558561,0.1422050225863208
0,42,Breast Cancer,Normal,12,texture error,569,569,1.2168534254566856,1.1474356089304536,-0.06941781652623202,2.407760110571039,0.01622240578796181,0.08084358523725835,-0.1258371038572795,0.17712473840425533
0,42,Breast Cancer,Normal,13,perimeter error,569,569,2.8660592201095474,2.622791784090401,-0.24326743601914647,2.4058839296455847,0.01631855872920041,0.061511423550087874,-0.12031912180185708,0.1589485216768677
0,42,Breast Cancer,Normal,14,area error,569,569,40.33707911519887,34.10237000151971,-6.234709113679159,2.843344934483496,0.0045654042312624,0.07381370826010544,-0.13705378713335817,0.14976355879413267
0,42,Breast Cancer,Normal,15,smoothness error,569,569,0.007040978908565007,0.007137082421805166,9.610351324015887e-05,-0.6005646425404121,0.5482565401760756,0.08611599297012303,0.03200752621975188,0.13177331454958877
0,42,Breast Cancer,Normal,16,compactness error,569,569,0.025478138811378913,0.026241374955652118,0.000763236144273205,-0.8232209333939917,0.4105718959648814,0.16520210896309315,0.04261959689548364,0.19521800833511185
0,42,Breast Cancer,Normal,17,concavity error,569,569,0.03189371635352535,0.03286805606918959,0.0009743397156642408,-0.6403061044291232,0.5221216951665222,0.140597539543058,0.03227763908444382,0.14412103861878392
0,42,Breast Cancer,Normal,18,concave points error,569,569,0.011796137079660353,0.011986715160760381,0.000190578081100028,-0.5894018043208602,0.5557181467220914,0.11247803163444639,0.03088648072723118,0.14919915748035997
0,42,Breast Cancer,Normal,19,symmetry error,569,569,0.020542298759512197,0.0207930312758747,0.0002507325163625049,-0.5696590837297496,0.5690280497589308,0.09490333919156414,0.03033162989106855,0.14793502173796907
0,42,Breast Cancer,Normal,20,fractal dimension error,569,569,0.0037949038734937804,0.003725932050301564,-6.897182319221635e-05,0.5221300390813018,0.6016987262865234,0.13532513181019332,-0.026065862381242835,0.14804015670904372
0,42,Breast Cancer,Normal,21,worst radius,569,569,16.269189776770887,15.808923548679989,-0.460266228090898,1.748568430607685,0.08064499752398883,0.061511423550087874,-0.09522967643583166,0.11843479411901306
0,42,Breast Cancer,Normal,22,worst texture,569,569,25.67722316534113,24.532081783341606,-1.1451413819995224,3.4605522173306102,0.0005599981671092392,0.11775043936731107,-0.1863152546499176,0.20183859140074498
0,42,Breast Cancer,Normal,23,worst perimeter,569,569,107.26121279644421,104.02149666382265,-3.2397161326215667,1.7757427573988753,0.07605288298638553,0.056239015817223195,-0.09641280982845946,0.11707131766022683
0,42,Breast Cancer,Normal,24,worst area,569,569,880.5831290514901,807.5486161914148,-73.03451286007532,2.440427009984984,0.01483319961048354,0.05975395430579965,-0.12827548723808993,0.13877139494247445
0,42,Breast Cancer,Normal,25,worst smoothness,569,569,0.13236859435565862,0.1310518732153678,-0.0013167211402908274,1.0754597007793691,0.2824086165066797,0.06678383128295255,-0.05766912045193419,0.15747326663099076
0,42,Breast Cancer,Normal,26,worst compactness,569,569,0.25426504394016597,0.25031111961286284,-0.003953924327303127,0.45750394511224163,0.6473987309601679,0.056239015817223195,-0.025130430689538352,0.10399576640560419
0,42,Breast Cancer,Normal,27,worst concavity,569,569,0.2721884833807977,0.2676683739691358,-0.004520109411661921,0.3923960641341916,0.694840924187965,0.056239015817223195,-0.02166616740013848,0.10324725919549453
0,42,Breast Cancer,Normal,28,worst concave points,569,569,0.11460622294146325,0.11220544163564872,-0.002400781305814531,0.6547008598480085,0.5127951228334516,0.056239015817223195,-0.03652354460429681,0.11145099794638805
0,42,Breast Cancer,Normal,29,worst symmetry,569,569,0.2900755708948799,0.29019699359610546,0.00012142270122555976,-0.036225520091679675,0.9711091497811966,0.054481546572934976,0.0019624960454428146,0.1101781138780862
0,42,Breast Cancer,Normal,30,worst fractal dimension,569,569,0.08394581713895387,0.08350301268125879,-0.00044280445769508125,0.45761939360553555,0.6473178307708112,0.061511423550087874,-0.02451671307655316,0.12453202947560219
0,42,Breast Cancer,Log-normal,1,mean radius,569,569,14.127291743072348,14.332009690926657,0.2047179478543093,-1.0502702438367144,0.29382220724387853,0.11072056239015818,0.05809160071908862,0.12705174372862757
0,42,Breast Cancer,Log-normal,2,mean texture,569,569,19.289648528677297,19.102429453643637,-0.18721907503365998,0.7776767525771979,0.4369239310876961,0.06502636203866433,-0.0435289602154164,0.12559272817044187
0,42,Breast Cancer,Log-normal,3,mean perimeter,569,569,91.96903329993384,93.36746855402244,1.3984352540885965,-1.0439270494466504,0.2967466725735553,0.12478031634446397,0.057551282357211304,0.13205525693707076
0,42,Breast Cancer,Log-normal,4,mean area,569,569,654.889103814043,665.6365841830342,10.747480368991205,-0.559923945359691,0.5756453397739083,0.11775043936731107,0.030540461181099945,0.12204751007296948
0,42,Breast Cancer,Log-normal,5,mean smoothness,569,569,0.09636028129312821,0.09601313040734176,-0.0003471508857864486,0.45401722032472924,0.6499062626043202,0.06854130052724078,-0.024683532652479842,0.1548072251822738
0,42,Breast Cancer,Log-normal,6,mean compactness,569,569,0.10434098429781481,0.10305330506648691,-0.0012876792313279012,0.45068147097996086,0.6523086139697652,0.09490333919156414,-0.024382059809335197,0.12406086127773507
0,42,Breast Cancer,Log-normal,7,mean concavity,569,569,0.08879931578830029,0.08692033477018093,-0.001878981018119355,0.43182546868420235,0.6659528617468119,0.0632688927943761,-0.023569759917277052,0.10616844910919211
0,42,Breast Cancer,Log-normal,8,mean concave points,569,569,0.04891914597230428,0.04936303051140713,0.00044388453910284426,-0.20575775431386178,0.8370177013409218,0.08787346221441125,0.011439451331832894,0.10465555940200327
0,42,Breast Cancer,Log-normal,9,mean symmetry,569,569,0.18116186307792295,0.17802365511812937,-0.003138207959793582,2.2196154575294704,0.026662135182772648,0.0984182776801406,-0.11447369878279766,0.22859550085102673
0,42,Breast Cancer,Log-normal,10,mean fractal dimension,569,569,0.06279760972974799,0.06189950741500134,-0.0008981023147466502,2.3732106249009455,0.017808130796265365,0.07908611599297012,-0.12720368990581923,0.19467584046403222
0,42,Breast Cancer,Log-normal,11,radius error,569,569,0.40517205624515434,0.3975368990106197,-0.0076351572345346175,0.52629128684843,0.5987968715859837,0.1054481546572935,-0.02753283666508294,0.1429424267843412
0,42,Breast Cancer,Log-normal,12,texture error,569,569,1.2168534254566856,1.145009577798089,-0.07184384765859653,2.5847271140220776,0.00988777018912759,0.08787346221441125,-0.13023510003755756,0.21320301119678656
0,42,Breast Cancer,Log-normal,13,perimeter error,569,569,2.8660592201095474,2.782753329285419,-0.08330589082412843,0.7979241178614328,0.42509817112157233,0.12302284710017575,-0.04120268297966351,0.13935598852646355
0,42,Breast Cancer,Log-normal,14,area error,569,569,40.33707911519887,37.964855413654774,-2.372223701544094,1.0299065133110592,0.30330329185854676,0.09314586994727592,-0.05214707618173759,0.11686391357231023
0,42,Breast Cancer,Log-normal,15,smoothness error,569,569,0.007040978908565007,0.006798524024891413,-0.00024245488367359395,1.5574950995293277,0.1196578661714466,0.0843585237258348,-0.0807506864488419,0.17218899486786218
0,42,Breast Cancer,Log-normal,16,compactness error,569,569,0.025478138811378913,0.024797524285960208,-0.0006806145254187046,0.7269243871704594,0.46743427990889674,0.10369068541300527,-0.038005674832906546,0.164834264152372
0,42,Breast Cancer,Log-normal,17,concavity error,569,569,0.03189371635352535,0.030432680419806606,-0.001461035933718744,0.9961195674800439,0.31945484683799635,0.08260105448154657,-0.04840115566945563,0.16541339400495614
0,42,Breast Cancer,Log-normal,18,concave points error,569,569,0.011796137079660353,0.011840053753000937,4.3916673340584425e-05,-0.13980540489393953,0.8888416685075693,0.10896309314586995,0.007117571470607302,0.18786223187995696
0,42,Breast Cancer,Log-normal,19,symmetry error,569,569,0.020542298759512197,0.01953563066805027,-0.001006668091461927,2.435116836789683,0.015065271486346933,0.08611599297012303,-0.12177875289729582,0.19100074996391664
0,42,Breast Cancer,Log-normal,20,fractal dimension error,569,569,0.0037949038734937804,0.0036002023842002418,-0.00019470148929353866,1.481804015393623,0.1387199685997606,0.11423550087873462,-0.07358122298453786,0.1601717442085333
0,42,Breast Cancer,Log-normal,21,worst radius,569,569,16.269189776770887,16.55141894301966,0.28222916624877215,-1.0468156001342095,0.29541105011486907,0.11775043936731107,0.058392812500184986,0.11926543070389226
0,42,Breast Cancer,Log-normal,22,worst texture,569,569,25.67722316534113,25.340641320066,-0.3365818452751306,0.9657017465996092,0.33440075791928314,0.0773286467486819,-0.05476213178074759,0.13579020467350536
0,42,Breast Cancer,Log-normal,23,worst perimeter,569,569,107.26121279644421,108.85275350346087,1.5915407070166623,-0.8548667521488404,0.39280895821460726,0.13181019332161686,0.04736360225481498,0.11805730608816022
0,42,Breast Cancer,Log-normal,24,worst area,569,569,880.5831290514901,885.032583762975,4.449454711484918,-0.14301279849615092,0.8863062307451439,0.10369068541300527,0.00781489106588575,0.10568113200300665
0,42,Breast Cancer,Log-normal,25,worst smoothness,569,569,0.13236859435565862,0.13161007888444906,-0.0007585154712095588,0.5923255951896752,0.5537520785576668,0.05799648506151142,-0.033221548452823074,0.11788890159786891
0,42,Breast Cancer,Log-normal,26,worst compactness,569,569,0.25426504394016597,0.25148076467831443,-0.002784279261851541,0.3289302446871171,0.7422718278718705,0.0843585237258348,-0.01769654198022801,0.1320144295275141
0,42,Breast Cancer,Log-normal,27,worst concavity,569,569,0.2721884833807977,0.27024203456606,-0.0019464488147377113,0.17129071698895565,0.8640267257865555,0.08260105448154657,-0.009329927178512712,0.12707816850407527
0,42,Breast Cancer,Log-normal,28,worst concave points,569,569,0.11460622294146325,0.1181625045078147,0.0035562815663514463,-0.9643375902910641,0.33508472885650287,0.09490333919156414,0.05410256974086325,0.13123584593137194
0,42,Breast Cancer,Log-normal,29,worst symmetry,569,569,0.2900755708948799,0.2842844561763723,-0.005791114718507573,1.7613408456135784,0.07846580016399772,0.06502636203866433,-0.09360537716209054,0.1472311886544807
0,42,Breast Cancer,Log-normal,30,worst fractal dimension,569,569,0.08394581713895387,0.08266314099459321,-0.0012826761443606588,1.339603706870594,0.18065896900229142,0.06854130052724078,-0.0710181096014477,0.15347338516260695
0,42,Breast Cancer,Class GMM,1,mean radius,569,569,14.127291743072348,13.744991128180693,-0.3823006148916548,1.9459320873719603,0.051913464003228285,0.061511423550087874,-0.10848355164613435,0.12355588791724322
0,42,Breast Cancer,Class GMM,2,mean texture,569,569,19.289648528677297,19.780618344124257,0.4909698154469595,-1.9887808204059112,0.04696605538739425,0.09314586994727592,0.11415126909023422,0.14248763216757918
0,42,Breast Cancer,Class GMM,3,mean perimeter,569,569,91.96903329993384,89.23421454806738,-2.734818751866456,2.004775941351911,0.045227093906065066,0.06502636203866433,-0.1125489651846391,0.12373788666449499
0,42,Breast Cancer,Class GMM,4,mean area,569,569,654.889103814043,610.8910848822032,-43.99801893183974,2.29219372469081,0.022082670563584324,0.06502636203866433,-0.12502460646565128,0.13093674763316113
0,42,Breast Cancer,Class GMM,5,mean smoothness,569,569,0.09636028129312821,0.09472448420702678,-0.001635797086101426,2.1600468136933437,0.030987105506454338,0.08787346221441125,-0.1163099035165452,0.16217785649660368
0,42,Breast Cancer,Class GMM,6,mean compactness,569,569,0.10434098429781481,0.10113865186858051,-0.003202332429234303,1.0636109006581862,0.28773253629241347,0.07557117750439367,-0.06063561376294834,0.09082786515810287
0,42,Breast Cancer,Class GMM,7,mean concavity,569,569,0.08879931578830029,0.08200655260998166,-0.006792763178318631,1.5158523177425431,0.1298384096767812,0.06854130052724078,-0.08520794570970032,0.10797028329956967
0,42,Breast Cancer,Class GMM,8,mean concave points,569,569,0.04891914597230428,0.04646003226691698,-0.002459113705387303,1.1176372234125467,0.2639603190743259,0.056239015817223195,-0.06337444901185756,0.09514377374611326
0,42,Breast Cancer,Class GMM,9,mean symmetry,569,569,0.18116186307792295,0.17934394533531528,-0.001817917742607672,1.2488899901175705,0.21197826415431753,0.0632688927943761,-0.06631258157141788,0.16630232306381718
0,42,Breast Cancer,Class GMM,10,mean fractal dimension,569,569,0.06279760972974799,0.06241752167341998,-0.0003800880563280054,0.9930801643130195,0.3208904982611655,0.05799648506151142,-0.053834012673646965,0.11600366816598277
0,42,Breast Cancer,Class GMM,11,radius error,569,569,0.40517205624515434,0.3823740841896128,-0.02279797205554157,1.589030426098897,0.11235906756844302,0.07205623901581722,-0.08221033455843593,0.1348366793526148
0,42,Breast Cancer,Class GMM,12,texture error,569,569,1.2168534254566856,1.2079088056234148,-0.008944619833270773,0.2920477712279787,0.7703044738447622,0.04569420035149385,-0.0162145855636294,0.08180166525702745
0,42,Breast Cancer,Class GMM,13,perimeter error,569,569,2.8660592201095474,2.6983368149541174,-0.16772240515543002,1.6014832138259592,0.10957467288618179,0.07908611599297012,-0.08295475864986894,0.12827240256196792
0,42,Breast Cancer,Class GMM,14,area error,569,569,40.33707911519887,34.70806067605848,-5.629018439140388,2.5132899379395455,0.012126553118271837,0.06502636203866433,-0.1237392029010178,0.13314253625331024
0,42,Breast Cancer,Class GMM,15,smoothness error,569,569,0.007040978908565007,0.0069620442435125735,-7.893466505243339e-05,0.48331476172954796,0.628968688109474,0.0492091388400703,-0.02628965880687363,0.09402339348899387
0,42,Breast Cancer,Class GMM,16,compactness error,569,569,0.025478138811378913,0.0252301144961623,-0.0002480243152166127,0.25185916714721934,0.8011966792021104,0.07205623901581722,-0.013849671013627505,0.08575300526888831
0,42,Breast Cancer,Class GMM,17,concavity error,569,569,0.03189371635352535,0.030386261033714276,-0.0015074553198110748,0.992694608257061,0.3211021626602432,0.070298769771529,-0.04993879434170689,0.11692978529577426
0,42,Breast Cancer,Class GMM,18,concave points error,569,569,0.011796137079660353,0.011605281414179113,-0.00019085566548123975,0.5749926167722323,0.5654153916064927,0.03163444639718805,-0.030931308929936462,0.09775443441083576
0,42,Breast Cancer,Class GMM,19,symmetry error,569,569,0.020542298759512197,0.020424911805538227,-0.00011738695397396984,0.2656971265329202,0.7905232472735931,0.07557117750439367,-0.01420062237851975,0.11899433764569689
0,42,Breast Cancer,Class GMM,20,fractal dimension error,569,569,0.0037949038734937804,0.0037279563149034663,-6.694755859031412e-05,0.47425210690373143,0.6354163149172454,0.070298769771529,-0.025300691926677384,0.07310399878595668
0,42,Breast Cancer,Class GMM,21,worst radius,569,569,16.269189776770887,15.792242293198624,-0.47694748357226224,1.7528711634542558,0.07989706383056865,0.06502636203866433,-0.09868092496065033,0.10875312134893496
0,42,Breast Cancer,Class GMM,22,worst texture,569,569,25.67722316534113,26.18307744849126,0.505854283150132,-1.4195926532545449,0.15600122177477876,0.070298769771529,0.08230270565416233,0.09963729813100398
0,42,Breast Cancer,Class GMM,23,worst perimeter,569,569,107.26121279644421,103.74556337970003,-3.515649416744182,1.865907442989251,0.062315461857082886,0.061511423550087874,-0.1046244595544975,0.11353859180613683
0,42,Breast Cancer,Class GMM,24,worst area,569,569,880.5831290514901,817.9362340836617,-62.646894967828416,2.007282419648566,0.04496294176322162,0.0632688927943761,-0.11003098620387647,0.11546890235176892
0,42,Breast Cancer,Class GMM,25,worst smoothness,569,569,0.13236859435565862,0.13074839733187468,-0.001620197023783937,1.2931927399377934,0.19621468281920185,0.056239015817223195,-0.07095995877980119,0.12086753249675508
0,42,Breast Cancer,Class GMM,26,worst compactness,569,569,0.25426504394016597,0.24580464070181646,-0.008460403238349512,0.9704314809030343,0.3320423628178959,0.056239015817223195,-0.05377285573670101,0.09122309829033934
0,42,Breast Cancer,Class GMM,27,worst concavity,569,569,0.2721884833807977,0.2548167078857276,-0.01737177549507013,1.514910295454892,0.1300807272200797,0.07557117750439367,-0.08326808584070126,0.13074888979403662
0,42,Breast Cancer,Class GMM,28,worst concave points,569,569,0.11460622294146325,0.11188649114422657,-0.0027197317972366825,0.7212967093297976,0.47087608947019977,0.05975395430579965,-0.04137571371930188,0.08618364635724145
0,42,Breast Cancer,Class GMM,29,worst symmetry,569,569,0.2900755708948799,0.28846600028458713,-0.0016095706102927654,0.49782208585754534,0.6187137325062102,0.070298769771529,-0.026017283115946595,0.15061912736909638
0,42,Breast Cancer,Class GMM,30,worst fractal dimension,569,569,0.08394581713895387,0.08262842475241852,-0.001317392386535346,1.3795108066425246,0.16802676811706224,0.054481546572934976,-0.0729400265186583,0.14000179388003592
0,42,Diabetes,Normal,1,preg,768,768,3.8450520833333335,3.4610399557398828,-0.3840121275934507,2.380144705547958,0.017429655569730463,0.11458333333333333,-0.11396448108987206,0.15096824431296985
0,42,Diabetes,Normal,2,plas,768,768,120.89453125,115.66480351487796,-5.22972773512204,3.9454181875521352,8.423146231107701e-05,0.16276041666666666,-0.16356898524476132,0.3468124451043358
0,42,Diabetes,Normal,3,pres,768,768,69.10546875,69.14501008329292,0.03954133329291665,-0.04542544992637268,0.9637745972971056,0.15625,0.0020429605071650443,0.2165572296692361
0,42,Diabetes,Normal,4,skin,768,768,20.536458333333332,18.99657401274938,-1.5398843205839512,2.127045197899556,0.03358664701009239,0.21354166666666666,-0.09653106884200931,0.23104662424046857
0,42,Diabetes,Normal,5,insu,768,768,79.79947916666667,54.18065867767897,-25.6188204889877,4.864116248111714,1.2753540379647823e-06,0.28515625,-0.22230064596032825,0.22559294508881936
0,42,Diabetes,Normal,6,mass,768,768,31.99257813890775,32.323943599437676,0.331365460529927,-1.0301990018378497,0.3031307585583583,0.23177083333333334,0.04202927940691471,0.3829427650888309
0,42,Diabetes,Normal,7,pedi,768,768,0.4718763029280429,0.47332879644818604,0.00145249352014315,-0.09445011113757372,0.9247644836752282,0.13411458333333334,0.004383972249983652,0.14763740600197514
0,42,Diabetes,Normal,8,age,768,768,33.240885416666664,32.63028326630592,-0.6106021503607408,1.0822299224833951,0.27932340191816946,0.10416666666666667,-0.05192102791737289,0.11776723475530451
0,42,Diabetes,Log-normal,1,preg,768,768,3.8450520833333335,3.155500491770605,-0.6895515915627284,4.635093393491635,3.9055368637659386e-06,0.14322916666666666,-0.20464033379949884,0.2573336022338815
0,42,Diabetes,Log-normal,2,plas,768,768,120.89453125,116.14869265258312,-4.745838597416878,3.614880537025322,0.0003131180775302192,0.16536458333333334,-0.14843409776136055,0.3672343261444745
0,42,Diabetes,Log-normal,3,pres,768,768,69.10546875,67.71472730953246,-1.3907414404675364,1.7036682202189923,0.08868924739311866,0.23567708333333334,-0.07185127184441337,0.32592701574765537
0,42,Diabetes,Log-normal,4,skin,768,768,20.536458333333332,20.79892712802939,0.26246879469605844,-0.3639296853777224,0.7159644354737608,0.22265625,0.016453408095790833,0.2937764851831977
0,42,Diabetes,Log-normal,5,insu,768,768,79.79947916666667,61.38967244223871,-18.40980672442796,3.288825400350457,0.00102910121895431,0.2994791666666667,-0.15974635196661932,0.16976286138235402
0,42,Diabetes,Log-normal,6,mass,768,768,31.99257813890775,31.38727008799712,-0.6053080509106294,1.9325563359191396,0.05355250350802676,0.22786458333333334,-0.07677526748513981,0.43710048854754296
0,42,Diabetes,Log-normal,7,pedi,768,768,0.4718763029280429,0.4789396519578683,0.0070633490298254165,-0.461457140545117,0.6445392609498999,0.14453125,0.02131828948176769,0.15542527848076457
0,42,Diabetes,Log-normal,8,age,768,768,33.240885416666664,32.038013853132725,-1.2028715635339395,2.2305660401652956,0.02586222830738433,0.13411458333333334,-0.10228312101928906,0.19858470004189271
0,42,Diabetes,Class GMM,1,preg,768,768,3.8450520833333335,3.5621770116874054,-0.28287507164592807,1.818225781272669,0.06923415665692197,0.13411458333333334,-0.08394969657968016,0.16935578878955912
0,42,Diabetes,Class GMM,2,plas,768,768,120.89453125,116.20206295947234,-4.692468290527657,3.581749576374278,0.00035523203799859557,0.16796875,-0.1467651701439969,0.3659731796649955
0,42,Diabetes,Class GMM,3,pres,768,768,69.10546875,68.70099899719935,-0.4044697528006509,0.4623397864740743,0.6439081905123727,0.19921875,-0.02089669135391758,0.2476074524883549
0,42,Diabetes,Class GMM,4,skin,768,768,20.536458333333332,18.677069433418183,-1.8593888999151496,2.555617498652229,0.010701753318007039,0.20182291666666666,-0.11655998955468225,0.22725423954402243
0,42,Diabetes,Class GMM,5,insu,768,768,79.79947916666667,50.712762768241795,-29.086716398424876,5.781168255125806,9.199472786762723e-09,0.25,-0.2523924113332162,0.2547492186988767
0,42,Diabetes,Class GMM,6,mass,768,768,31.99257813890775,31.761603329796344,-0.23097480911140522,0.7067297890806656,0.47987026534651944,0.21614583333333334,-0.02929622046507853,0.38821522557841764
0,42,Diabetes,Class GMM,7,pedi,768,768,0.4718763029280429,0.48787088671087986,0.01599458378283697,-1.0175668966246731,0.30904824274929993,0.13151041666666666,0.0482741555395828,0.11655250231987663
0,42,Diabetes,Class GMM,8,age,768,768,33.240885416666664,32.54179249703884,-0.699092919627823,1.2810683790369632,0.20037177030536432,0.15625,-0.05944549960154878,0.1513947065625258
1,1051,HIV,Normal,1,spikeProduction_D1D2,91,91,3.140899490524124,3.1337178303645206,-0.007181660159603531,0.5119250015418868,0.6097983756727131,0.3956043956043956,-0.05559371629335084,0.6154498892912283
1,1051,HIV,Normal,2,spikeDecay_D1D2,91,91,0.024470117864209218,0.024467367003415966,-2.7508607932519302e-06,0.02671166977652106,0.9787432091335289,0.3076923076923077,-0.0028676859735513606,0.5767653778052545
1,1051,HIV,Normal,3,spikeProduction_D3,91,91,0.62353461260324,0.6231264177259508,-0.0004081948772891586,0.9282541820733541,0.35551777027664333,0.3626373626373626,-0.09990954632186762,0.5603500481588594
1,1051,HIV,Normal,4,spikeDecay_D3,91,91,0.008703867730858562,0.008675419162590426,-2.8448568268136035e-05,1.1026183276357708,0.27284863957128,0.32967032967032966,-0.11864843669723411,0.529642690934476
1,1051,HIV,Normal,5,RBDProduction_D1D2,91,91,2.404523417189881,2.406655817241459,0.0021324000515781094,-0.19215168065178548,0.8479846870991916,0.24175824175824176,0.021128514621305952,0.46693476317778715
1,1051,HIV,Normal,6,RBDDecay_D1D2,91,91,0.021558716197262753,0.021546444067588218,-1.227212967453567e-05,0.47082604389260924,0.6387688330321124,0.3076923076923077,-0.051005397648722,0.5672107408329713
1,1051,HIV,Normal,7,RBDProduction_D3,91,91,0.8169864972869119,0.8162917841921796,-0.0006947130947322355,0.27579723844558335,0.7832531825536935,0.27472527472527475,-0.029988884428937535,0.5122453091622821
1,1051,HIV,Normal,8,RBDDecay_D3,91,91,0.011376512891889274,0.011374668566162115,-1.844325727159632e-06,0.07574540982165427,0.9397696348444595,0.37362637362637363,-0.008214412431655303,0.5930885750972711
1,1051,HIV,Normal,9,V1_blood_IgGspike,91,91,6.896112140718397,5.35951716035277,-1.5365949803656278,1.907777640380368,0.059417404789788845,0.3076923076923077,-0.2031446625726804,0.4066896122276201
1,1051,HIV,Normal,10,V4_blood_IgGspike,91,91,203.0056377518308,118.1058260529906,-84.8998116988402,2.7507408264176565,0.0070542522543880866,0.1978021978021978,-0.29662616255532026,0.3537926002832693
1,1051,HIV,Normal,11,V4a_blood_IgGspike,91,91,125.34833855812366,74.80968630444873,-50.538652253674925,2.462655496664787,0.015575901216057078,0.17582417582417584,-0.26233295595079253,0.3103553157877291
1,1051,HIV,Normal,12,V6_blood_IgGspike,91,91,924.6595707568493,744.2384594927777,-180.42111126407167,3.1119958381210595,0.002251384117415778,0.37362637362637363,-0.3730167928922887,0.5349759512195356
1,1051,HIV,Normal,13,V8_blood_IgGspike,91,91,483.44704525287335,285.6174086686019,-197.82963658427144,4.045738909757496,9.580067803064049e-05,0.3626373626373626,-0.45064018881265155,0.5650507911438841
1,1051,HIV,Normal,14,V8a_blood_IgGspike,91,91,339.3911614889627,211.84471625024145,-127.54644523872128,3.417562098540913,0.0008993594800859856,0.2857142857142857,-0.3732583680630444,0.4914520970628376
1,1051,HIV,Normal,15,V8b_blood_IgGspike,91,91,1349.6065938760946,1311.8584681919642,-37.7481256841304,1.042642059647318,0.2988834564542624,0.46153846153846156,-0.12555506313605266,0.43180340014381496
1,1051,HIV,Normal,16,V9_blood_IgGspike,91,91,1015.3168724814614,858.3761257968106,-156.94074668465078,2.7282535404397996,0.007219930129115891,0.4175824175824176,-0.32132986524544044,0.5257502021130529
1,1051,HIV,Normal,17,V10_blood_IgGspike,91,91,962.7392485063154,750.1246368072846,-212.6146116990309,3.5395729194513668,0.0005794355472056438,0.4725274725274725,-0.3964797033833632,0.6868215540945637
1,1051,HIV,Normal,18,V11_blood_IgGspike,91,91,1314.8465629829154,1253.4126734471583,-61.43388953575709,1.667979683896617,0.09795044069438108,0.6153846153846154,-0.18873948005651328,0.614633044933295
1,1051,HIV,Normal,19,V1_blood_IgGRBD,91,91,5.13758461029975,4.305291825598413,-0.8322927847013366,1.012815777838008,0.31380468982432386,0.4065934065934066,-0.10675775736187737,0.22778219614212072
1,1051,HIV,Normal,20,V4_blood_IgGRBD,91,91,226.04022855549067,90.36680120950217,-135.6734273459885,2.312422546811775,0.022974292763605023,0.21978021978021978,-0.2440463519032472,0.26311925063629193
1,1051,HIV,Normal,21,V4a_blood_IgGRBD,91,91,159.47874348504203,61.516033507965425,-97.9627099770766,1.8956042108556233,0.06118437735251261,0.1978021978021978,-0.19929281157129833,0.21556786264322486
1,1051,HIV,Normal,22,V6_blood_IgGRBD,91,91,1757.633392538343,1226.4508643517127,-531.1825281866304,3.2115073927457676,0.0016644027859995024,0.27472527472527475,-0.3740097626180704,0.47263553642951434
1,1051,HIV,Normal,23,V8_blood_IgGRBD,91,91,562.1188489578583,262.745972098885,-299.3728768589733,3.439322853216898,0.0008500080184716396,0.2857142857142857,-0.371045917653326,0.40778845655642143
1,1051,HIV,Normal,24,V8a_blood_IgGRBD,91,91,494.1665499446156,240.20427645169772,-253.9622734929179,2.876171273185342,0.004965571238823231,0.21978021978021978,-0.3059847201669426,0.34391330152624966
1,1051,HIV,Normal,25,V8b_blood_IgGRBD,91,91,2589.5026994170726,2150.102256691063,-439.4004427260097,2.8857144494471814,0.00456438422047211,0.32967032967032966,-0.3377050724482677,0.49532615932397644
1,1051,HIV,Normal,26,V9_blood_IgGRBD,91,91,1610.33636033928,836.5368861942501,-773.7994741450299,4.408762071233991,2.6239497892822793e-05,0.2857142857142857,-0.47468343766596044,0.5586575780328648
1,1051,HIV,Normal,27,V10_blood_IgGRBD,91,91,1740.3842333646921,799.3220172924,-941.0622160722921,5.063349394616806,1.8662026653998828e-06,0.37362637362637363,-0.5463384985165796,0.6540686060595203
1,1051,HIV,Normal,28,V11_blood_IgGRBD,91,91,2435.6731343898145,1732.9634868915264,-702.7096474982882,4.091601554861914,7.942987789006068e-05,0.3956043956043956,-0.45950758611639403,0.6280706300517879
1,1051,HIV,Normal,29,V4_Saliva_IgGspike,91,91,44.520155346000585,39.11593537802224,-5.404219967978342,1.665338457152758,0.098645836520588,0.27472527472527475,-0.18498160151977283,0.45550773615662
1,1051,HIV,Normal,30,V4_Saliva_IgGRBD,91,91,34.03445494174957,24.462961961934855,-9.571492979814717,2.3683197085562706,0.019637307501176864,0.23076923076923078,-0.2608996518924229,0.4230122954959197
1,1051,HIV,Normal,31,V5_Saliva_IgGspike,91,91,145.75231281021138,115.07121058872768,-30.681102221483698,2.5696893094628748,0.011443892795975448,0.2857142857142857,-0.28872149659983115,0.4410770185792515
1,1051,HIV,Normal,32,V5_Saliva_IgGRBD,91,91,153.54405279473943,117.51697909177004,-36.02707370296939,2.3915764879919656,0.018509644136806242,0.26373626373626374,-0.26287076076585386,0.3998377176577818
1,1051,HIV,Normal,33,V8_Saliva_IgGspike,91,91,125.64155031200293,91.106506054218,-34.53504425778493,3.4242040380117342,0.0008534889611474554,0.27472527472527475,-0.3843459365353041,0.47852880974394746
1,1051,HIV,Normal,34,V8_Saliva_IgGRBD,91,91,122.48972522295438,86.13167125576145,-36.35805396719293,3.344604763996118,0.0011153621019217368,0.2967032967032967,-0.37384159112079113,0.4877350611329975
1,1051,HIV,Normal,35,V8b_Saliva_IgGspike,91,91,338.2158605004405,335.62147924402257,-2.5943812564179325,0.2015347324611062,0.8405570408334634,0.16483516483516483,-0.024691001247953932,0.28007136799904425
1,1051,HIV,Normal,36,V8b_Saliva_IgGRBD,91,91,398.57266855436364,389.8695611639337,-8.70310739042992,0.5245301285632283,0.6006551885507103,0.17582417582417584,-0.06586782436093713,0.2611494857869157
1,1051,HIV,Normal,37,V9_Saliva_IgGspike,91,91,223.05881720666702,187.1848923400208,-35.873924866646206,2.6202771650278787,0.009791832668294259,0.24175824175824176,-0.3093420514550583,0.4198724137484237
1,1051,HIV,Normal,38,V9_Saliva_IgGRBD,91,91,255.26088198462685,203.5574793134417,-51.70340267118516,2.6228632781298264,0.00978621058485561,0.25274725274725274,-0.3031074444719663,0.4651119183511686
1,1051,HIV,Normal,39,V4_Saliva_IgAspike,91,91,47.108007475570005,40.64248994680551,-6.465517528764494,1.9089792123441287,0.05888778216993751,0.18681318681318682,-0.21067720407359114,0.40053181543577276
1,1051,HIV,Normal,40,V4_Saliva_IgARBD,91,91,43.100691578545415,34.38079460898599,-8.719896969559429,2.854158892654294,0.005155156506775873,0.38461538461538464,-0.3158514782246795,0.5405100952651277
1,1051,HIV,Normal,41,V5_Saliva_IgAspike,91,91,84.73729122602023,70.38263920375279,-14.354652022267445,2.109057519778028,0.03699411802593066,0.34065934065934067,-0.24018543411574123,0.42572360347818755
1,1051,HIV,Normal,42,V5_Saliva_IgARBD,91,91,83.34017392108728,58.812846435295356,-24.52732748579193,3.5182280296764734,0.0006116026505725104,0.34065934065934067,-0.4009897871834072,0.4980334802557715
1,1051,HIV,Normal,43,V8_Saliva_IgAspike,91,91,51.38416520219583,43.51587119469276,-7.868294007503074,1.9588526322018323,0.05269822798173514,0.27472527472527475,-0.21569946532832823,0.3805333283163754
1,1051,HIV,Normal,44,V8_Saliva_IgARBD,91,91,57.968210541285,40.902943967462896,-17.065266573822107,2.996228257527277,0.0034409677640094755,0.24175824175824176,-0.3233876578279725,0.44966793570111935
1,1051,HIV,Normal,45,V8b_Saliva_IgAspike,91,91,46.935210124476924,40.25743743351528,-6.677772690961646,2.021231480013607,0.04541447433570622,0.2857142857142857,-0.23154109352815067,0.4208121356535884
1,1051,HIV,Normal,46,V8b_Saliva_IgARBD,91,91,52.45808972107185,44.40700346558959,-8.05108625548226,1.8438998068552988,0.06770003893382462,0.24175824175824176,-0.20830255248831117,0.4009885388664733
1,1051,HIV,Normal,47,V9_Saliva_IgAspike,91,91,27.16994598647068,21.542498436602916,-5.627447549867764,2.1563011940841537,0.033083029074348166,0.3076923076923077,-0.243637193916017,0.3767221520479949
1,1051,HIV,Normal,48,V9_Saliva_IgARBD,91,91,26.604469154889767,14.811459179762956,-11.793009975126811,2.5230491380807907,0.01329291223952076,0.2967032967032967,-0.2682305445099133,0.3507728323386215
1,1051,HIV,Normal,49,V8_IFNg,91,91,31.1695054599217,22.946160279787502,-8.2233451801342,2.283903794393757,0.02433287810574834,0.34065934065934067,-0.251230922278015,0.4731745941756409
1,1051,HIV,Normal,50,V9_IFNg,91,91,78.89835192083002,52.04708260756273,-26.851269313267295,2.4993413382947898,0.01396318365546568,0.3076923076923077,-0.2741238409157415,0.4137436463868924
1,1051,HIV,Normal,51,V8_IL2,91,91,130.1841593312693,95.83734885414879,-34.34681047712053,2.4402192876201902,0.016282961534163087,0.25274725274725274,-0.2694430211573448,0.43256604379988567
1,1051,HIV,Normal,52,V9_IL2,91,91,174.50123680030907,129.1057833996448,-45.39545340066428,2.4308157812541573,0.0165616522740466,0.24175824175824176,-0.27482578115574635,0.4397877875465496
1,1051,HIV,Normal,53,V9Dual,91,91,19.905494527502373,13.370010763734252,-6.535483763768122,2.325685076653942,0.02197145759426125,0.34065934065934067,-0.2533222865839661,0.4014530638456578
1,1051,HIV,Normal,54,V8Dual,91,91,8.972802202780167,6.711771294310853,-2.2610309084693148,1.8281147405534963,0.07040908860353834,0.25274725274725274,-0.1988033129196723,0.3597491503864446
1,1051,HIV,Normal,55,IFNG_production,91,91,0.09224910548489008,0.09246418529937228,0.00021507981448219693,-0.021745831758113142,0.9826864438424996,0.4065934065934066,0.0024754022657314232,0.4876485287440942
1,1051,HIV,Normal,56,Il2_production,91,91,0.2338140260551002,0.24376651243521616,0.009952486380115949,-0.6738315649938275,0.5016792475119423,0.3076923076923077,0.07712203044831861,0.4290606210463851
1,1051,HIV,Normal,57,RATIO_CD4CD8,91,91,1.2654785350128845,1.118328917157519,-0.1471496178553655,1.415327025819927,0.1601395165903373,0.34065934065934067,-0.15167355109650985,0.48445174699347343
1,1051,HIV,Normal,58,V8Neut,91,91,265.0976501297165,136.91413868914594,-128.18351144057056,3.5048621538173927,0.0006675377813787809,0.23076923076923078,-0.3849434148392552,0.41412705477826267
1,1051,HIV,Normal,59,V9Neut,91,91,935.7140911647251,415.5980586376819,-520.1160325270432,4.838906428203388,4.72260929043853e-06,0.3626373626373626,-0.5219354083968226,0.6000736902048175
1,1051,HIV,Normal,60,V7_ACE2,91,91,334.41255225716054,227.03086165543442,-107.38169060172612,2.7221217834955094,0.007560353382688926,0.27472527472527475,-0.2997031233164673,0.40186187416622027
1,1051,HIV,Normal,61,V8_ACE2,91,91,136.17588026444992,95.59954574081924,-40.57633452363068,2.547543092767618,0.012351263351067789,0.4835164835164835,-0.27534035590534384,0.44465176055660727
1,1051,HIV,Normal,62,V8b_ACE2,91,91,694.1192100441062,557.247799883832,-136.8714101602742,2.569340760554008,0.011417159974618464,0.27472527472527475,-0.291290016719455,0.495051148012566
1,1051,HIV,Normal,63,V9_ACE2,91,91,523.224073766352,312.0474098121727,-211.17666395417933,3.814959031363959,0.00023507291454344885,0.2857142857142857,-0.41173682443661225,0.5349947736489463
1,1051,HIV,Log-normal,1,spikeProduction_D1D2,91,91,3.140899490524124,3.1531606087317834,0.012261118207659294,-0.8724158495621436,0.38499545652749456,0.31868131868131866,0.09491146458912304,0.6086824139611455
1,1051,HIV,Log-normal,2,spikeDecay_D1D2,91,91,0.024470117864209218,0.02427724312868092,-0.00019287473552829712,1.8458150978309353,0.06773607040743944,0.34065934065934067,-0.201453966885547,0.5839370941128256
1,1051,HIV,Log-normal,3,spikeProduction_D3,91,91,0.62353461260324,0.6238858673598741,0.00035125475663411176,-0.7981321104437136,0.42668528368059855,0.3516483516483517,0.08593475505652244,0.5559161000710454
1,1051,HIV,Log-normal,4,spikeDecay_D3,91,91,0.008703867730858562,0.008679640581728994,-2.4227149129568e-05,0.9524366445354361,0.3433087879163035,0.38461538461538464,-0.10104441917843023,0.5915051392466475
1,1051,HIV,Log-normal,5,RBDProduction_D1D2,91,91,2.404523417189881,2.4092916551527086,0.004768237962827548,-0.43855187291035963,0.66193162853786,0.3076923076923077,0.04724623126410097,0.5354451992010058
1,1051,HIV,Log-normal,6,RBDDecay_D1D2,91,91,0.021558716197262753,0.02153600248825419,-2.271370900856426e-05,0.8822651952851969,0.3798034699504399,0.37362637362637363,-0.09440139995844055,0.6250522852585295
1,1051,HIV,Log-normal,7,RBDProduction_D3,91,91,0.8169864972869119,0.8207934125439151,0.003806915257003274,-1.5116524461876375,0.1336691426327982,0.3626373626373626,0.16433805745103489,0.5749473429792693
1,1051,HIV,Log-normal,8,RBDDecay_D3,91,91,0.011376512891889274,0.011337389483802265,-3.912340808700891e-05,1.5952034091032412,0.11367200778733137,0.3956043956043956,-0.17410244068061348,0.6232188661005623
1,1051,HIV,Log-normal,9,V1_blood_IgGspike,91,91,6.896112140718397,5.367028859945444,-1.5290832807729533,1.9063030801863963,0.05965936559588869,0.38461538461538464,-0.2021515933173052,0.4379680382057809
1,1051,HIV,Log-normal,10,V4_blood_IgGspike,91,91,203.0056377518308,123.97010543320205,-79.03553231862874,2.5924547271691782,0.011020440115615919,0.3076923076923077,-0.27613724291623204,0.39403839328536494
1,1051,HIV,Log-normal,11,V4a_blood_IgGspike,91,91,125.34833855812366,80.08629564138559,-45.26204291673807,2.214104042126544,0.029228229016766853,0.24175824175824176,-0.23494344251764793,0.3288436984160704
1,1051,HIV,Log-normal,12,V6_blood_IgGspike,91,91,924.6595707568493,902.8353747692737,-21.82419598757565,0.38521445255186837,0.7006979459122809,0.32967032967032966,-0.04512120909076856,0.4860733129188717
1,1051,HIV,Log-normal,13,V8_blood_IgGspike,91,91,483.44704525287335,394.6749177031465,-88.77212754972686,1.7969590778867182,0.07492625247851767,0.34065934065934067,-0.20221579996959343,0.5376863253189205
1,1051,HIV,Log-normal,14,V8a_blood_IgGspike,91,91,339.3911614889627,272.9471813663022,-66.44398012266055,1.7594597048372562,0.08128456191652383,0.31868131868131866,-0.19444503238983726,0.432569620483547
1,1051,HIV,Log-normal,15,V8b_blood_IgGspike,91,91,1349.6065938760946,1358.7093411959136,9.102747319818945,-0.2702047548217613,0.7874863963802392,0.5164835164835165,0.030278182732478905,0.39613492120764554
1,1051,HIV,Log-normal,16,V9_blood_IgGspike,91,91,1015.3168724814614,943.2328269874656,-72.08404549399575,1.3259719830001573,0.18753331379400462,0.43956043956043955,-0.14758880914319533,0.6382924599552846
1,1051,HIV,Log-normal,17,V10_blood_IgGspike,91,91,962.7392485063154,785.8594722538204,-176.87977625249505,2.9930486484457766,0.0034191000503512293,0.4945054945054945,-0.32984202974247384,0.7054718929943647
1,1051,HIV,Log-normal,18,V11_blood_IgGspike,91,91,1314.8465629829154,1315.6316474663033,0.7850844833878909,-0.02201082278164838,0.9824804897954535,0.6373626373626373,0.00241256808083922,0.5728146226032322
1,1051,HIV,Log-normal,19,V1_blood_IgGRBD,91,91,5.13758461029975,4.294253537943075,-0.8433310723566745,1.0218290527861948,0.3094964974312935,0.4725274725274725,-0.10817363592403614,0.20983367790521565
1,1051,HIV,Log-normal,20,V4_blood_IgGRBD,91,91,226.04022855549067,90.44073096474449,-135.59949759074618,2.3185562120490273,0.022652414424331448,0.23076923076923078,-0.2439133429149576,0.28036293731866313
1,1051,HIV,Log-normal,21,V4a_blood_IgGRBD,91,91,159.47874348504203,59.35708180102673,-100.1216616840153,1.9396870876188645,0.05552779598713174,0.21978021978021978,-0.20368494106100862,0.22676562369934478
1,1051,HIV,Log-normal,22,V6_blood_IgGRBD,91,91,1757.633392538343,1507.6802623036144,-249.95313023472863,1.5485285079233575,0.1241145788603762,0.25274725274725274,-0.17599391606953887,0.5104086402122623
1,1051,HIV,Log-normal,23,V8_blood_IgGRBD,91,91,562.1188489578583,369.99960968520617,-192.11923927265212,2.1882640798684,0.03089117117617664,0.2967032967032967,-0.2381146236992202,0.36780044585468347
1,1051,HIV,Log-normal,24,V8a_blood_IgGRBD,91,91,494.1665499446156,300.3610048818064,-193.8055450628092,2.1849294708777647,0.031300713190070294,0.25274725274725274,-0.23350530395125266,0.3130037581221591
1,1051,HIV,Log-normal,25,V8b_blood_IgGRBD,91,91,2589.5026994170726,2422.3351031292927,-167.16759628777982,1.1543077879790764,0.2508189695623614,0.3626373626373626,-0.12847816794878578,0.5839071651223147
1,1051,HIV,Log-normal,26,V9_blood_IgGRBD,91,91,1610.33636033928,897.985579605941,-712.350780733339,4.089165943723479,8.935790940804554e-05,0.2967032967032967,-0.4369880405125503,0.5869527985342206
1,1051,HIV,Log-normal,27,V10_blood_IgGRBD,91,91,1740.3842333646921,833.7908335256053,-906.5933998390868,4.920551376994967,3.510879576471351e-06,0.38461538461538464,-0.5263274529447015,0.6726973799763546
1,1051,HIV,Log-normal,28,V11_blood_IgGRBD,91,91,2435.6731343898145,1889.0601759690505,-546.612958420764,3.310839599345791,0.0012912718459311085,0.46153846153846156,-0.3574347005855958,0.7044558094114508
1,1051,HIV,Log-normal,29,V4_Saliva_IgGspike,91,91,44.520155346000585,35.89250868493384,-8.627646661066748,2.66746881552414,0.00879150051090823,0.31868131868131866,-0.2953165973603492,0.48055488031122007
1,1051,HIV,Log-normal,30,V4_Saliva_IgGRBD,91,91,34.03445494174957,23.522811674809716,-10.511643266939856,2.604529557090676,0.010494736053699062,0.23076923076923078,-0.28652628816336495,0.39488365151192334
1,1051,HIV,Log-normal,31,V5_Saliva_IgGspike,91,91,145.75231281021138,107.60727148789626,-38.14504132231512,3.1913513706452497,0.0018199307732696902,0.34065934065934067,-0.3589601581686258,0.43076426889173325
1,1051,HIV,Log-normal,32,V5_Saliva_IgGRBD,91,91,153.54405279473943,104.75942791949262,-48.784624875246806,3.1889197063098536,0.001845393273197828,0.2967032967032967,-0.35595583102405176,0.396336167031078
1,1051,HIV,Log-normal,33,V8_Saliva_IgGspike,91,91,125.64155031200293,100.49772732074445,-25.14382299125849,2.4929236117855273,0.014082874918014455,0.27472527472527475,-0.27982947948142156,0.4470149842143029
1,1051,HIV,Log-normal,34,V8_Saliva_IgGRBD,91,91,122.48972522295438,91.0815185190557,-31.40820670389867,2.914250701798137,0.004314038790812172,0.27472527472527475,-0.32294604674412325,0.48698515039158613
1,1051,HIV,Log-normal,35,V8b_Saliva_IgGspike,91,91,338.2158605004405,343.8293782328511,5.613517732410628,-0.4705284574636807,0.6388297699378405,0.2087912087912088,0.053424946284684964,0.42578737547207823
1,1051,HIV,Log-normal,36,V8b_Saliva_IgGRBD,91,91,398.57266855436364,385.16544752854566,-13.40722102581799,0.8687573097783627,0.38656798392962377,0.26373626373626374,-0.10146962548045271,0.3945237549352751
1,1051,HIV,Log-normal,37,V9_Saliva_IgGspike,91,91,223.05881720666702,181.0313114962735,-42.02750571039351,3.166833070466845,0.00194257621700983,0.2857142857142857,-0.362404718459264,0.4847257406302968
1,1051,HIV,Log-normal,38,V9_Saliva_IgGRBD,91,91,255.26088198462685,211.31149447095262,-43.949387513674225,2.2575449613237466,0.025748569824616888,0.26373626373626374,-0.2576500405716329,0.4516820561833655
1,1051,HIV,Log-normal,39,V4_Saliva_IgAspike,91,91,47.108007475570005,38.52124683673565,-8.586760638834356,2.5880220112384302,0.011068925407665997,0.2857142857142857,-0.27979736457099386,0.4534369645539687
1,1051,HIV,Log-normal,40,V4_Saliva_IgARBD,91,91,43.100691578545415,34.61324682340517,-8.487444755140245,2.711809676241764,0.007677524482483636,0.3516483516483517,-0.3074314638018969,0.46781790109708815
1,1051,HIV,Log-normal,41,V5_Saliva_IgAspike,91,91,84.73729122602023,69.03427293798426,-15.703018288035977,2.2838087136215175,0.024065690224722457,0.3626373626373626,-0.26274632955086547,0.41882353358825103
1,1051,HIV,Log-normal,42,V5_Saliva_IgARBD,91,91,83.34017392108728,54.482986858912874,-28.85718706217441,4.138563077876711,6.467179781427552e-05,0.3516483516483517,-0.4717773947994076,0.5198814263819235
1,1051,HIV,Log-normal,43,V8_Saliva_IgAspike,91,91,51.38416520219583,40.84665405357277,-10.53751114862306,2.614251204499704,0.010197939168559189,0.2967032967032967,-0.28887266347810153,0.41579494108922377
1,1051,HIV,Log-normal,44,V8_Saliva_IgARBD,91,91,57.968210541285,40.40101859333751,-17.567191947947492,3.07894670567462,0.00267258847143392,0.27472527472527475,-0.3328991190606861,0.44559593567381806
1,1051,HIV,Log-normal,45,V8b_Saliva_IgAspike,91,91,46.935210124476924,35.09381056355906,-11.841399560917864,3.5785385295354324,0.0004935881025626915,0.2967032967032967,-0.4105813972482738,0.4995669003349825
1,1051,HIV,Log-normal,46,V8b_Saliva_IgARBD,91,91,52.45808972107185,44.19771205985939,-8.260377661212459,1.843816636690961,0.06751926657232216,0.24175824175824176,-0.21371751380980453,0.355720836534815
1,1051,HIV,Log-normal,47,V9_Saliva_IgAspike,91,91,27.16994598647068,20.07446447309557,-7.095481513375109,2.736609085379726,0.007186221083538551,0.32967032967032966,-0.30719481611219973,0.3874225683649434
1,1051,HIV,Log-normal,48,V9_Saliva_IgARBD,91,91,26.604469154889767,15.26886690055931,-11.335602254330457,2.4195449101627204,0.01742311146109783,0.27472527472527475,-0.2578269232938351,0.3423500614903274
1,1051,HIV,Log-normal,49,V8_IFNg,91,91,31.1695054599217,24.345451412620125,-6.824054047301576,1.8669259884460991,0.06448484429712556,0.27472527472527475,-0.20848113840615026,0.4292503490429778
1,1051,HIV,Log-normal,50,V9_IFNg,91,91,78.89835192083002,54.558818712339296,-24.339533208490728,2.243922227745242,0.026828950037845314,0.21978021978021978,-0.24848154909136735,0.3792979649049017
1,1051,HIV,Log-normal,51,V8_IL2,91,91,130.1841593312693,110.22991999951037,-19.95423933175894,1.3845694573853506,0.1687833507844829,0.23076923076923078,-0.15653655664619148,0.3782722583077444
1,1051,HIV,Log-normal,52,V9_IL2,91,91,174.50123680030907,144.10666346287988,-30.394573337429193,1.5876909974546876,0.11482082376721228,0.23076923076923078,-0.18400981489634627,0.40750072664845793
1,1051,HIV,Log-normal,53,V9Dual,91,91,19.905494527502373,14.246427931628384,-5.659066595873989,1.9846402412040596,0.04967782187254714,0.24175824175824176,-0.2193514991811048,0.3496801265697327
1,1051,HIV,Log-normal,54,V8Dual,91,91,8.972802202780167,6.27371731695238,-2.699084885827787,2.185571735136655,0.03111113017495964,0.24175824175824176,-0.2373195426941907,0.3567501504008802
1,1051,HIV,Log-normal,55,IFNG_production,91,91,0.09224910548489008,0.0912053986032913,-0.0010437068815987854,0.101648803389669,0.9191857749380127,0.2857142857142857,-0.012012981583696613,0.39901050012534117
1,1051,HIV,Log-normal,56,Il2_production,91,91,0.2338140260551002,0.23538064506355222,0.0015666190084520082,-0.1028135368960821,0.9182634040623611,0.1978021978021978,0.012140090994391197,0.37101556049206214
1,1051,HIV,Log-normal,57,RATIO_CD4CD8,91,91,1.2654785350128845,1.0344309426925995,-0.23104759232028504,2.14413295134534,0.034189322705008636,0.27472527472527475,-0.23815060749558914,0.40864578853422623
1,1051,HIV,Log-normal,58,V8Neut,91,91,265.0976501297165,171.8099808535733,-93.28766927614319,2.5090515816175407,0.013513588729590176,0.1978021978021978,-0.2801489673572458,0.3578811302806431
1,1051,HIV,Log-normal,59,V9Neut,91,91,935.7140911647251,435.7025996197711,-500.011491544954,4.710962144391775,8.335085802467728e-06,0.3626373626373626,-0.5017605006219801,0.6505675456559397
1,1051,HIV,Log-normal,60,V7_ACE2,91,91,334.41255225716054,268.502308520642,-65.91024373651857,1.6864293288461076,0.09468808999620415,0.3076923076923077,-0.18395588287275783,0.40978891441672616
1,1051,HIV,Log-normal,61,V8_ACE2,91,91,136.17588026444992,109.027955862192,-27.147924402257914,1.7041713693640306,0.09141284644981552,0.5384615384615384,-0.18421852358249538,0.4635012185627975
1,1051,HIV,Log-normal,62,V8b_ACE2,91,91,694.1192100441062,608.4393431275755,-85.67986691653073,1.6459071684276525,0.10261775028976594,0.32967032967032966,-0.18234409187796116,0.5686337822287002
1,1051,HIV,Log-normal,63,V9_ACE2,91,91,523.224073766352,326.460693024017,-196.76338074233502,3.5853794107519263,0.0005279188205395374,0.2857142857142857,-0.3836348821708613,0.5659177150236255
1,1051,HIV,Class GMM,1,spikeProduction_D1D2,91,91,3.140899490524124,3.151163405114478,0.010263914590353806,-0.7028655194998021,0.4835175745275102,0.26373626373626374,0.0794530783834627,0.5065354934935182
1,1051,HIV,Class GMM,2,spikeDecay_D1D2,91,91,0.024470117864209218,0.02441227978484316,-5.783807936605642e-05,0.5430562133006319,0.5881669082439216,0.2857142857142857,-0.06040622916743297,0.49397512511470015
1,1051,HIV,Class GMM,3,spikeProduction_D3,91,91,0.62353461260324,0.6239490102935623,0.0004143976903223656,-0.8925074776554078,0.373898827808511,0.23076923076923078,0.10138288026529128,0.4309297399705378
1,1051,HIV,Class GMM,4,spikeDecay_D3,91,91,0.008703867730858562,0.00865893646215017,-4.493126870839213e-05,1.6790365826658122,0.09589284805753134,0.26373626373626374,-0.18739422267424016,0.4199040012298122
1,1051,HIV,Class GMM,5,RBDProduction_D1D2,91,91,2.404523417189881,2.3978035345182316,-0.006719882671649469,0.5924278618442212,0.5547140855899042,0.24175824175824176,-0.0665817514089343,0.43356973425375633
1,1051,HIV,Class GMM,6,RBDDecay_D1D2,91,91,0.021558716197262753,0.02155310568491836,-5.610512344392249e-06,0.2090669279210287,0.834771297139343,0.24175824175824176,-0.02331586852602074,0.4836246128430606
1,1051,HIV,Class GMM,7,RBDProduction_D3,91,91,0.8169864972869119,0.8186172587530953,0.0016307614661834613,-0.6241500981422472,0.5337370120364708,0.18681318681318682,0.07039861672893445,0.4199058241498109
1,1051,HIV,Class GMM,8,RBDDecay_D3,91,91,0.011376512891889274,0.011361099308827421,-1.541358306185285e-05,0.6003212918503438,0.5493994046415822,0.24175824175824176,-0.06859158715635483,0.4735455602274661
1,1051,HIV,Class GMM,9,V1_blood_IgGspike,91,91,6.896112140718397,5.477017931885772,-1.4190942088326253,1.7398208228102774,0.08495391292637432,0.3076923076923077,-0.18761053277506784,0.37405015246392326
1,1051,HIV,Class GMM,10,V4_blood_IgGspike,91,91,203.0056377518308,134.6884488116254,-68.3171889402054,2.1482224967259063,0.033852673791053056,0.17582417582417584,-0.23868914587269738,0.30950438602066954
1,1051,HIV,Class GMM,11,V4a_blood_IgGspike,91,91,125.34833855812366,84.81840739407382,-40.52993116404984,1.9250532008793648,0.056915226317888215,0.18681318681318682,-0.21038029831860158,0.2672222939481059
1,1051,HIV,Class GMM,12,V6_blood_IgGspike,91,91,924.6595707568493,853.3246699741909,-71.33490078265845,1.1156290874330743,0.266166647137858,0.2967032967032967,-0.1474833060081966,0.3472755953154177
1,1051,HIV,Class GMM,13,V8_blood_IgGspike,91,91,483.44704525287335,355.5371883937291,-127.90985685914427,2.485573227802691,0.014179795871345852,0.2857142857142857,-0.2913684781001502,0.43171354363754905
1,1051,HIV,Class GMM,14,V8a_blood_IgGspike,91,91,339.3911614889627,237.35320286174397,-102.03795862721876,2.6665913966707118,0.008767597466196266,0.23076923076923078,-0.2986089807393555,0.38530817218693897
1,1051,HIV,Class GMM,15,V8b_blood_IgGspike,91,91,1349.6065938760946,1373.7688363882212,24.162242512126568,-0.636878368749202,0.5251300364806747,0.24175824175824176,0.08036881792183224,0.2938553522572414
1,1051,HIV,Class GMM,16,V9_blood_IgGspike,91,91,1015.3168724814614,944.8768615722656,-70.44001090919573,1.1870401824342174,0.23714909318952548,0.3516483516483517,-0.1442228193984982,0.43899819508870264
1,1051,HIV,Class GMM,17,V10_blood_IgGspike,91,91,962.7392485063154,755.5287809267148,-207.21046757960062,3.276123207037036,0.0013383975417367185,0.42857142857142855,-0.38640210397858143,0.5601143630681832
1,1051,HIV,Class GMM,18,V11_blood_IgGspike,91,91,1314.8465629829154,1266.1908958351219,-48.655667147793565,1.2633949276337655,0.2086109480934652,0.5824175824175825,-0.14948208823837433,0.528393413672201
1,1051,HIV,Class GMM,19,V1_blood_IgGRBD,91,91,5.13758461029975,4.552498115288032,-0.5850864950117174,0.7061841222964182,0.4818020639457873,0.3956043956043956,-0.07504878111137629,0.22722131288673658
1,1051,HIV,Class GMM,20,V4_blood_IgGRBD,91,91,226.04022855549067,98.17863204453018,-127.8615965109605,2.158476463590383,0.033385246010182314,0.17582417582417584,-0.22999459455423985,0.24531516821183325
1,1051,HIV,Class GMM,21,V4a_blood_IgGRBD,91,91,159.47874348504203,63.376507580935304,-96.10223590410672,1.8524457369918783,0.06715250027514198,0.2087912087912088,-0.1955079118831844,0.21073313323133297
1,1051,HIV,Class GMM,22,V6_blood_IgGRBD,91,91,1757.633392538343,1402.2797306605748,-355.3536618777682,2.0191462521332006,0.04523246006514187,0.21978021978021978,-0.25020714105463504,0.3570256780524135
1,1051,HIV,Class GMM,23,V8_blood_IgGRBD,91,91,562.1188489578583,314.103821513417,-248.01502744444127,2.8182286296077685,0.005773929542286632,0.21978021978021978,-0.30739245215250016,0.34259511505413676
1,1051,HIV,Class GMM,24,V8a_blood_IgGRBD,91,91,494.1665499446156,256.1252253605769,-238.0413245840387,2.679513834485546,0.008653779898629338,0.14285714285714285,-0.28680249296114474,0.30288037760421715
1,1051,HIV,Class GMM,25,V8b_blood_IgGRBD,91,91,2589.5026994170726,2423.7203774923805,-165.78232192469204,1.0529152815843608,0.2941446405868929,0.26373626373626374,-0.12741333171215535,0.37869897665300006
1,1051,HIV,Class GMM,26,V9_blood_IgGRBD,91,91,1610.33636033928,919.4848276494623,-690.8515326898176,3.8532685801331508,0.00019820763274289375,0.26373626373626374,-0.42379941596892756,0.5075928414114522
1,1051,HIV,Class GMM,27,V10_blood_IgGRBD,91,91,1740.3842333646921,829.5297291514638,-910.8545042132283,4.805579217149271,5.0035399267138055e-06,0.32967032967032966,-0.5288012259124892,0.5957286255484331
1,1051,HIV,Class GMM,28,V11_blood_IgGRBD,91,91,2435.6731343898145,1947.6866699889465,-487.98646440086804,2.7132284293858095,0.00754098309675895,0.31868131868131866,-0.3190982996632916,0.5085380813295974
1,1051,HIV,Class GMM,29,V4_Saliva_IgGspike,91,91,44.520155346000585,37.79295574439751,-6.7271996016030755,2.027923671604561,0.044777377519999745,0.2857142857142857,-0.2302659798318551,0.4441167308677458
1,1051,HIV,Class GMM,30,V4_Saliva_IgGRBD,91,91,34.03445494174957,23.885536466326034,-10.148918475423539,2.389784958306107,0.018320133860610474,0.2087912087912088,-0.2766391512156106,0.3694079140900719
1,1051,HIV,Class GMM,31,V5_Saliva_IgGspike,91,91,145.75231281021138,118.16749184996218,-27.584820960249203,2.24037415650371,0.02679050908504781,0.25274725274725274,-0.25958424878733605,0.3767195874500653
1,1051,HIV,Class GMM,32,V5_Saliva_IgGRBD,91,91,153.54405279473943,125.06894356863839,-28.47510922610104,1.8056918814128053,0.07336572654040854,0.18681318681318682,-0.20776792583281656,0.31323971217868585
1,1051,HIV,Class GMM,33,V8_Saliva_IgGspike,91,91,125.64155031200293,95.58214342725147,-30.059406884751468,2.8896145514891387,0.004533212324401661,0.23076923076923078,-0.3345359240800414,0.415047331281927
1,1051,HIV,Class GMM,34,V8_Saliva_IgGRBD,91,91,122.48972522295438,94.64174683539422,-27.84797838756016,2.468991963571641,0.014863595222377768,0.25274725274725274,-0.28633901609436624,0.41862845178302016
1,1051,HIV,Class GMM,35,V8b_Saliva_IgGspike,91,91,338.2158605004405,339.1195755843278,0.9037150838872776,-0.06985450051577502,0.9444026855697791,0.15384615384615385,0.008600549674803696,0.2709636422733601
1,1051,HIV,Class GMM,36,V8b_Saliva_IgGRBD,91,91,398.57266855436364,397.4360222449669,-1.136646309396724,0.06668981917164643,0.9469102697298235,0.1978021978021978,-0.008602561806228485,0.22975109560689
1,1051,HIV,Class GMM,37,V9_Saliva_IgGspike,91,91,223.05881720666702,186.28258686275274,-36.77623034391428,2.5429295640470833,0.011980806560972857,0.21978021978021978,-0.3171228619382777,0.3889445381110058
1,1051,HIV,Class GMM,38,V9_Saliva_IgGRBD,91,91,255.26088198462685,191.9996183206747,-63.26126366395215,3.116711201887652,0.0022258019958503726,0.26373626373626374,-0.370864531358057,0.5011629215218398
1,1051,HIV,Class GMM,39,V4_Saliva_IgAspike,91,91,47.108007475570005,39.36679944887266,-7.741208026697343,2.228302097095543,0.027737588959532083,0.21978021978021978,-0.2522451861344762,0.37526670709430265
1,1051,HIV,Class GMM,40,V4_Saliva_IgARBD,91,91,43.100691578545415,37.48113857520806,-5.619553003337359,1.6539343642824655,0.1002380235497346,0.21978021978021978,-0.20355108861057533,0.33815205651983005
1,1051,HIV,Class GMM,41,V5_Saliva_IgAspike,91,91,84.73729122602023,70.56472329778985,-14.172567928230379,2.0174157989158052,0.04565768768685315,0.26373626373626374,-0.2371385241098818,0.3590824674491909
1,1051,HIV,Class GMM,42,V5_Saliva_IgARBD,91,91,83.34017392108728,66.43592111356966,-16.904252807517622,2.239678413793978,0.026578187280914083,0.21978021978021978,-0.2763624666174147,0.3066062915618199
1,1051,HIV,Class GMM,43,V8_Saliva_IgAspike,91,91,51.38416520219583,43.156901328118295,-8.227263874077536,1.9708581941542986,0.05098059507880858,0.17582417582417584,-0.22554029781320875,0.30717467653448843
1,1051,HIV,Class GMM,44,V8_Saliva_IgARBD,91,91,57.968210541285,43.23255893686316,-14.735651604421847,2.44020024042916,0.016101195203268352,0.1978021978021978,-0.27924129513635676,0.34243949933314677
1,1051,HIV,Class GMM,45,V8b_Saliva_IgAspike,91,91,46.935210124476924,37.53769242108523,-9.397517703391692,2.660368979749717,0.008666435181143442,0.24175824175824176,-0.32584387441295126,0.3650100899339538
1,1051,HIV,Class GMM,46,V8b_Saliva_IgARBD,91,91,52.45808972107185,44.3499805534279,-8.108109167643953,1.7097509581183612,0.08939960784046523,0.15384615384615385,-0.20977796043135327,0.2435539386660355
1,1051,HIV,Class GMM,47,V9_Saliva_IgAspike,91,91,27.16994598647068,22.160944430382695,-5.009001556087984,1.8419075083851062,0.06769867231710057,0.2087912087912088,-0.21686192126561646,0.30617837267007
1,1051,HIV,Class GMM,48,V9_Saliva_IgARBD,91,91,26.604469154889767,15.275680785650735,-11.328788369239032,2.372039742808158,0.019543588692532383,0.26373626373626374,-0.25767191796213756,0.31219884352598065
1,1051,HIV,Class GMM,49,V8_IFNg,91,91,31.1695054599217,23.012301843244952,-8.15720361667675,2.056319220909221,0.041552025827383404,0.21978021978021978,-0.2492101912253259,0.35316753917069593
1,1051,HIV,Class GMM,50,V9_IFNg,91,91,78.89835192083002,53.76709130046132,-25.131260620368707,2.188008487043129,0.030421946158434663,0.18681318681318682,-0.25656424647362897,0.316486352578726
1,1051,HIV,Class GMM,51,V8_IL2,91,91,130.1841593312693,100.86398703187376,-29.32017229939555,1.9789137333738749,0.049951930940121826,0.1978021978021978,-0.23001009145632925,0.3509352845209361
1,1051,HIV,Class GMM,52,V9_IL2,91,91,174.50123680030907,124.71098146333799,-49.790255336971086,2.4578256771903986,0.015129139510171192,0.21978021978021978,-0.30143199492885936,0.40854287425832836
1,1051,HIV,Class GMM,53,V9Dual,91,91,19.905494527502373,14.02758734042828,-5.8779071870740935,1.968285091133422,0.05120234509335818,0.21978021978021978,-0.22783395660746358,0.3166602751811803
1,1051,HIV,Class GMM,54,V8Dual,91,91,8.972802202780167,6.031342378029456,-2.9414598247507113,2.2528996400763384,0.026016031946943446,0.18681318681318682,-0.25863062330900544,0.3303437179011737
1,1051,HIV,Class GMM,55,IFNG_production,91,91,0.09224910548489008,0.0876811411305955,-0.0045679643542945875,0.43211762967667317,0.6662944563142081,0.2857142857142857,-0.05257644303063124,0.35260848680029006
1,1051,HIV,Class GMM,56,Il2_production,91,91,0.2338140260551002,0.2289130321734554,-0.004900993881644805,0.3117711924099305,0.7556586982374851,0.17582417582417584,-0.03797772228582012,0.29375058545132515
1,1051,HIV,Class GMM,57,RATIO_CD4CD8,91,91,1.2654785350128845,1.1421940968586848,-0.12328443815419976,1.130274139758241,0.260683419783673,0.26373626373626374,-0.12707452914960202,0.36885537433727844
1,1051,HIV,Class GMM,58,V8Neut,91,91,265.0976501297165,201.281406549307,-63.81624358040949,1.5464257564306325,0.12408408276856076,0.14285714285714285,-0.191644324831797,0.24844574617904155
1,1051,HIV,Class GMM,59,V9Neut,91,91,935.7140911647251,478.8411281711453,-456.87296299357985,4.157509655476298,6.431369866722739e-05,0.34065934065934067,-0.45847108665520503,0.5574458879183057
1,1051,HIV,Class GMM,60,V7_ACE2,91,91,334.41255225716054,248.11924886179494,-86.2933033953656,2.1399223645341574,0.034440342719055064,0.1978021978021978,-0.24084522337723951,0.338311026324561
1,1051,HIV,Class GMM,61,V8_ACE2,91,91,136.17588026444992,100.79799496996533,-35.377885294484585,2.1847086504087616,0.031079609275885628,0.3956043956043956,-0.24006490020351204,0.4052273067935107
1,1051,HIV,Class GMM,62,V8b_ACE2,91,91,694.1192100441062,571.3267761901185,-122.79243385398775,2.285620305943469,0.023989010461783603,0.2967032967032967,-0.2613272310321086,0.4774107310297887
1,1051,HIV,Class GMM,63,V9_ACE2,91,91,523.224073766352,299.04008031153415,-224.18399345481788,4.000600539580804,0.00011760719286300657,0.26373626373626374,-0.43709761737960906,0.5215798979257128
1,1051,Breast Cancer,Normal,1,mean radius,569,569,14.127291743072348,14.103782357147162,-0.02350938592518581,0.12017353035110319,0.904367355316941,0.043936731107205626,-0.006671027239689622,0.10087611680015171
1,1051,Breast Cancer,Normal,2,mean texture,569,569,19.289648528677297,19.140079370910968,-0.1495691577663294,0.6245807428229189,0.5323739267128982,0.050966608084358524,-0.03477545159461397,0.09497214448211462
1,1051,Breast Cancer,Normal,3,mean perimeter,569,569,91.96903329993384,91.6746052103428,-0.2944280895910367,0.2186484571894682,0.826963996328894,0.04745166959578207,-0.012116803080520804,0.09873654168222981
1,1051,Breast Cancer,Normal,4,mean area,569,569,654.889103814043,645.3113777951742,-9.577726018868816,0.49822425141339044,0.6184254839932763,0.040421792618629174,-0.027215834995588613,0.10407014579228346
1,1051,Breast Cancer,Normal,5,mean smoothness,569,569,0.09636028129312821,0.09614073076598045,-0.00021955052714775491,0.30368473063386275,0.761429765838843,0.10720562390158173,-0.015610371650225855,0.23654693475881927
1,1051,Breast Cancer,Normal,6,mean compactness,569,569,0.10434098429781481,0.10118712639675094,-0.0031538579010638723,1.1201148356761312,0.2629148360598376,0.08611599297012303,-0.05971777726974962,0.16203215106596633
1,1051,Breast Cancer,Normal,7,mean concavity,569,569,0.08879931578830029,0.08213054751613143,-0.006668768272168862,1.563927808928662,0.11812757956773712,0.054481546572934976,-0.08365259127917388,0.1369967091259208
1,1051,Breast Cancer,Normal,8,mean concave points,569,569,0.04891914597230428,0.04756646496198764,-0.0013526810103166448,0.6378537129419406,0.5237014731856924,0.0632688927943761,-0.034860401616388696,0.11517076544184313
1,1051,Breast Cancer,Normal,9,mean symmetry,569,569,0.18116186307792295,0.1805220133181406,-0.000639849759782346,0.45358987208600066,0.650219970041997,0.0913884007029877,-0.023340237156975394,0.20760839397702655
1,1051,Breast Cancer,Normal,10,mean fractal dimension,569,569,0.06279760972974799,0.062202230102410425,-0.0005953796273375639,1.6056983443598687,0.10863905556037019,0.08611599297012303,-0.08432811658979583,0.16525026116811528
1,1051,Breast Cancer,Normal,11,radius error,569,569,0.40517205624515434,0.3974995698864933,-0.007672486358661024,0.533765502310623,0.5936181267465492,0.09490333919156414,-0.027667386954919528,0.1260475585351871
1,1051,Breast Cancer,Normal,12,texture error,569,569,1.2168534254566856,1.183943399226519,-0.0329100262301667,1.1438008470326593,0.2529677510983254,0.0632688927943761,-0.05965776363450128,0.15058282189713973
1,1051,Breast Cancer,Normal,13,perimeter error,569,569,2.8660592201095474,2.750567537619485,-0.11549168249006225,1.1170879139859968,0.2642209316154055,0.0843585237258348,-0.05712162804192742,0.1154905906046123
1,1051,Breast Cancer,Normal,14,area error,569,569,40.33707911519887,36.94946707908215,-3.387612036116721,1.507499980043091,0.13201450343686738,0.05272407732864675,-0.07446780320722665,0.11536394335359737
1,1051,Breast Cancer,Normal,15,smoothness error,569,569,0.007040978908565007,0.006960209621515891,-8.076928704911588e-05,0.5071713141396339,0.6121391791056698,0.07381370826010544,-0.026900714399982567,0.12117313813290068
1,1051,Breast Cancer,Normal,16,compactness error,569,569,0.025478138811378913,0.02436099955495995,-0.001117139256418962,1.2186761789310134,0.2232496304251485,0.09490333919156414,-0.06238145361427362,0.17639251501655062
1,1051,Breast Cancer,Normal,17,concavity error,569,569,0.03189371635352535,0.029264398951161986,-0.002629317402363364,1.7955044100777289,0.07290378851899987,0.07205623901581722,-0.08710375367965159,0.1528726704223119
1,1051,Breast Cancer,Normal,18,concave points error,569,569,0.011796137079660353,0.01218436047825995,0.0003882233985995978,-1.218118814835542,0.2234572428520043,0.1054481546572935,0.0629184201424435,0.20221237698835412
1,1051,Breast Cancer,Normal,19,symmetry error,569,569,0.020542298759512197,0.0205162690382824,-2.6029721229794966e-05,0.06204849721399838,0.9505365784428983,0.14235500878734622,-0.0031489590577863844,0.19853967105124107
1,1051,Breast Cancer,Normal,20,fractal dimension error,569,569,0.0037949038734937804,0.0035759095482688612,-0.00021899432522491918,1.671529250119932,0.09494441292078283,0.08611599297012303,-0.08276203656416645,0.14239226048486925
1,1051,Breast Cancer,Normal,21,worst radius,569,569,16.269189776770887,16.141808149475207,-0.12738162729568003,0.4772014860593618,0.6333125734458541,0.04569420035149385,-0.02635584974884674,0.10149206564754751
1,1051,Breast Cancer,Normal,22,worst texture,569,569,25.67722316534113,25.397820300083797,-0.2794028652573317,0.8058108835836225,0.4205223811915695,0.050966608084358524,-0.0454591545130402,0.09473082011596057
1,1051,Breast Cancer,Normal,23,worst perimeter,569,569,107.26121279644421,106.7433154637449,-0.5178973326993059,0.2781329933070689,0.7809619421046275,0.04745166959578207,-0.015412481176290953,0.09641893793331009
1,1051,Breast Cancer,Normal,24,worst area,569,569,880.5831290514901,845.2531761611912,-35.329952890298955,1.1536376873115985,0.24890260036620668,0.0421792618629174,-0.06205248626632055,0.10611575057343534
1,1051,Breast Cancer,Normal,25,worst smoothness,569,569,0.13236859435565862,0.1311419138092358,-0.0012266805464228314,1.0354469140707545,0.3007011857213101,0.08611599297012303,-0.05372526894123936,0.21614787069318772
1,1051,Breast Cancer,Normal,26,worst compactness,569,569,0.25426504394016597,0.2418605080676414,-0.012404535872524575,1.4699966469608998,0.14185319247024095,0.06502636203866433,-0.07884106269793562,0.12588273582227563
1,1051,Breast Cancer,Normal,27,worst concavity,569,569,0.2721884833807977,0.250747509938231,-0.021440973442566735,1.9325823434993121,0.05355066991658744,0.070298769771529,-0.10277319343013819,0.14817751906931895
1,1051,Breast Cancer,Normal,28,worst concave points,569,569,0.11460622294146325,0.11331370433298167,-0.001292518608481577,0.357263306076098,0.7209627602392015,0.06502636203866433,-0.019663367732712673,0.1255116584296954
1,1051,Breast Cancer,Normal,29,worst symmetry,569,569,0.2900755708948799,0.2886224079268259,-0.0014531629680539782,0.4400818096033237,0.6599661516750019,0.05975395430579965,-0.02348877507899781,0.11177737554294703
1,1051,Breast Cancer,Normal,30,worst fractal dimension,569,569,0.08394581713895387,0.08227105883910911,-0.0016747582998447585,1.740673759260553,0.0820269556046725,0.061511423550087874,-0.09272640662898392,0.13279853903339986
1,1051,Breast Cancer,Log-normal,1,mean radius,569,569,14.127291743072348,14.229603409557644,0.10231166648529566,-0.5150145498168307,0.6066441734213905,0.08084358523725835,0.029032269413051898,0.09410486281970457
1,1051,Breast Cancer,Log-normal,2,mean texture,569,569,19.289648528677297,19.16592676903535,-0.12372175964194554,0.5540941640429922,0.5796335455172887,0.08787346221441125,-0.028766089655280987,0.19339937285898423
1,1051,Breast Cancer,Log-normal,3,mean perimeter,569,569,91.96903329993384,92.55661274217763,0.5875794422437934,-0.429736258702187,0.6674699902519996,0.07557117750439367,0.024181171497144667,0.09457342785495373
1,1051,Breast Cancer,Log-normal,4,mean area,569,569,654.889103814043,660.1163921926059,5.227288378562889,-0.26702070349452145,0.7895025797502713,0.0773286467486819,0.014854240402958083,0.09056071024237787
1,1051,Breast Cancer,Log-normal,5,mean smoothness,569,569,0.09636028129312821,0.09424218327226036,-0.002118098020867848,3.00076021193263,0.0027610803930212522,0.14762741652021089,-0.15060271201534284,0.29458057059555176
1,1051,Breast Cancer,Log-normal,6,mean compactness,569,569,0.10434098429781481,0.09728722202305981,-0.007053762274755002,2.573464600473681,0.010206265641635511,0.0984182776801406,-0.13356185665654005,0.21799538984152628
1,1051,Breast Cancer,Log-normal,7,mean concavity,569,569,0.08879931578830029,0.08408947087421699,-0.0047098449140833,1.1463567012974014,0.25191423061295526,0.16520210896309315,-0.05907991654432807,0.20329969565088665
1,1051,Breast Cancer,Log-normal,8,mean concave points,569,569,0.04891914597230428,0.046823602702827906,-0.002095543269476377,1.0104945525358902,0.31248502664828365,0.0913884007029877,-0.05400487842858801,0.15481678641050553
1,1051,Breast Cancer,Log-normal,9,mean symmetry,569,569,0.18116186307792295,0.17467015049369558,-0.0064917125842273715,4.755585415917711,2.2795571452288726e-06,0.1757469244288225,-0.23680067531231122,0.2976660415180264
1,1051,Breast Cancer,Log-normal,10,mean fractal dimension,569,569,0.06279760972974799,0.06161923822414896,-0.0011783715055990254,3.2559602801036958,0.0011673106204274347,0.08787346221441125,-0.16689973818120324,0.2181804509098114
1,1051,Breast Cancer,Log-normal,11,radius error,569,569,0.40517205624515434,0.38559167036010844,-0.019580385885045903,1.400831976766799,0.16157757978812398,0.09666080843585237,-0.07060773636224807,0.14652233650750474
1,1051,Breast Cancer,Log-normal,12,texture error,569,569,1.2168534254566856,1.165680553927782,-0.05117287152890371,1.842290843219196,0.0657319922167147,0.08787346221441125,-0.09276374903242787,0.230718071351876
1,1051,Breast Cancer,Log-normal,13,perimeter error,569,569,2.8660592201095474,2.71085439436465,-0.15520482574489725,1.534658461490211,0.1251918200414896,0.10193321616871705,-0.07676368437667042,0.14535306723782912
1,1051,Breast Cancer,Log-normal,14,area error,569,569,40.33707911519887,36.112577077165014,-4.2245020380338545,1.9032251935726594,0.05732107234376104,0.056239015817223195,-0.09286465276791304,0.12041884991799685
1,1051,Breast Cancer,Log-normal,15,smoothness error,569,569,0.007040978908565007,0.006943240521151592,-9.773838741341471e-05,0.6500816351707613,0.5157921468161801,0.15114235500878734,-0.032552358275232,0.23790545932995927
1,1051,Breast Cancer,Log-normal,16,compactness error,569,569,0.025478138811378913,0.023293675205413325,-0.002184463605965588,2.465715968496225,0.013848927338511027,0.13532513181019332,-0.12198134461088495,0.2431264290092325
1,1051,Breast Cancer,Log-normal,17,concavity error,569,569,0.03189371635352535,0.029699341612925298,-0.0021943747406000524,1.5318772517147126,0.12591870104775357,0.14762741652021089,-0.07269503217878692,0.23904319718987907
1,1051,Breast Cancer,Log-normal,18,concave points error,569,569,0.011796137079660353,0.011451907670338145,-0.0003442294093222078,1.1100787566999504,0.2672360389228614,0.10369068541300527,-0.055788169988242785,0.2201921703623732
1,1051,Breast Cancer,Log-normal,19,symmetry error,569,569,0.020542298759512197,0.019353954168936805,-0.0011883445905753916,2.812456028534549,0.00501126852247538,0.09666080843585237,-0.143756571832488,0.20517501490438408
1,1051,Breast Cancer,Log-normal,20,fractal dimension error,569,569,0.0037949038734937804,0.003487891069513554,-0.0003070128039802263,2.4604557438366097,0.014074077046240363,0.12478031634446397,-0.11602592146901465,0.21715630746372452
1,1051,Breast Cancer,Log-normal,21,worst radius,569,569,16.269189776770887,16.300839046183285,0.031649269412397985,-0.11678960565990744,0.9070477120090481,0.08084358523725835,0.006548118091854789,0.09898003021391291
1,1051,Breast Cancer,Log-normal,22,worst texture,569,569,25.67722316534113,25.586667261978445,-0.09055590336268438,0.2761568769055745,0.7824805774979704,0.07908611599297012,-0.01473338620785054,0.15677579731302277
1,1051,Breast Cancer,Log-normal,23,worst perimeter,569,569,107.26121279644421,107.12092000361277,-0.14029279283144547,0.07483852106178925,0.9403565890564269,0.07908611599297012,-0.004174961018674141,0.10235857268483362
1,1051,Breast Cancer,Log-normal,24,worst area,569,569,880.5831290514901,866.2944897750559,-14.288639276434196,0.4584024379022779,0.6467536350557055,0.070298769771529,-0.025096091536065616,0.09722513009960672
1,1051,Breast Cancer,Log-normal,25,worst smoothness,569,569,0.13236859435565862,0.1307779663162198,-0.001590628039438824,1.3282010185836053,0.1843990469404839,0.0913884007029877,-0.06966579072656474,0.21203479667948233
1,1051,Breast Cancer,Log-normal,26,worst compactness,569,569,0.25426504394016597,0.24253040905027062,-0.011734634889895346,1.4510929266625732,0.14706021717611384,0.08963093145869948,-0.07458323598050626,0.18233641807594425
1,1051,Breast Cancer,Log-normal,27,worst concavity,569,569,0.2721884833807977,0.2653855208752706,-0.006802962505527088,0.6333045742333523,0.5266757670003461,0.13181019332161686,-0.032608604040787574,0.21564647733162867
1,1051,Breast Cancer,Log-normal,28,worst concave points,569,569,0.11460622294146325,0.11327024212889439,-0.00133598081256886,0.37626680937587287,0.7067917540119881,0.08787346221441125,-0.02032452224700497,0.17204575386722085
1,1051,Breast Cancer,Log-normal,29,worst symmetry,569,569,0.2900755708948799,0.2786631565835648,-0.011412414311315122,3.757323232182635,0.0001823316598677806,0.1335676625659051,-0.18446643916196023,0.2706090852585471
1,1051,Breast Cancer,Log-normal,30,worst fractal dimension,569,569,0.08394581713895387,0.0825191805096628,-0.0014266366292910726,1.5472529242829773,0.12211464769279323,0.08611599297012303,-0.07898876396383092,0.17801516680579593
1,1051,Breast Cancer,Class GMM,1,mean radius,569,569,14.127291743072348,13.943889876032127,-0.18340186704022088,0.9262221344330588,0.3545298022911193,0.0492091388400703,-0.05204299701805001,0.08332565402577757
1,1051,Breast Cancer,Class GMM,2,mean texture,569,569,19.289648528677297,18.969099453756805,-0.32054907492049267,1.3701816134238747,0.1709105016777806,0.05975395430579965,-0.07452832761599153,0.1200893933192778
1,1051,Breast Cancer,Class GMM,3,mean perimeter,569,569,91.96903329993384,90.69540111628903,-1.273632183644807,0.9279086024286285,0.35365412086672565,0.043936731107205626,-0.052414883155474115,0.0806620239435714
1,1051,Breast Cancer,Class GMM,4,mean area,569,569,654.889103814043,632.7871545882133,-22.101949225829685,1.1453310980072333,0.25232013956360383,0.04569420035149385,-0.06280471909952563,0.09310283218858628
1,1051,Breast Cancer,Class GMM,5,mean smoothness,569,569,0.09636028129312821,0.09583696176957582,-0.0005233195235523902,0.6651019134338502,0.5061223543821991,0.05799648506151142,-0.037209654676085585,0.08003921698872571
1,1051,Breast Cancer,Class GMM,6,mean compactness,569,569,0.10434098429781481,0.1029712118082377,-0.0013697724895771063,0.43910299721543056,0.6606704176504958,0.05975395430579965,-0.02593642846627702,0.05532485610139978
1,1051,Breast Cancer,Class GMM,7,mean concavity,569,569,0.08879931578830029,0.08304263076204635,-0.005756685026253941,1.2756187452557006,0.20235354856328,0.04569420035149385,-0.07221136221832683,0.07766576972626806
1,1051,Breast Cancer,Class GMM,8,mean concave points,569,569,0.04891914597230428,0.04677092718010194,-0.0021482187922023457,0.9792143155436837,0.3276846503998533,0.03690685413005272,-0.055362397620827605,0.0686124554158301
1,1051,Breast Cancer,Class GMM,9,mean symmetry,569,569,0.18116186307792295,0.1821859219162242,0.001024058838301256,-0.673390128904948,0.5008388698221421,0.070298769771529,0.03735525054438698,0.10303266126855823
1,1051,Breast Cancer,Class GMM,10,mean fractal dimension,569,569,0.06279760972974799,0.06263736031150775,-0.0001602494182402353,0.4135955460034858,0.6792505818059713,0.0773286467486819,-0.022697777663163856,0.10359900139746588
1,1051,Breast Cancer,Class GMM,11,radius error,569,569,0.40517205624515434,0.3967648555241486,-0.008407200721005759,0.5873037318794776,0.5571283249906491,0.10193321616871705,-0.030316695057995797,0.13020903787484633
1,1051,Breast Cancer,Class GMM,12,texture error,569,569,1.2168534254566856,1.2155084593748586,-0.0013449660818269926,0.0470320974373606,0.9624966965003954,0.10017574692442882,-0.0024382169271854165,0.16094089019559107
1,1051,Breast Cancer,Class GMM,13,perimeter error,569,569,2.8660592201095474,2.7798696988915306,-0.08618952121801682,0.821205569015833,0.4117174474912352,0.0773286467486819,-0.042628934233603095,0.09910786692999847
1,1051,Breast Cancer,Class GMM,14,area error,569,569,40.33707911519887,37.23934822384209,-3.0977308913567754,1.3639255394272405,0.17290661612531374,0.054481546572934976,-0.06809549597264414,0.10363152023388807
1,1051,Breast Cancer,Class GMM,15,smoothness error,569,569,0.007040978908565007,0.007239686190568055,0.00019870728200304787,-1.2850287493773758,0.19907187195507267,0.1282952548330404,0.06618011235823491,0.20686276660365763
1,1051,Breast Cancer,Class GMM,16,compactness error,569,569,0.025478138811378913,0.025461989171968312,-1.614963941060088e-05,0.015741545395288346,0.9874433607049281,0.05975395430579965,-0.0009016702065031755,0.053494289692350136
1,1051,Breast Cancer,Class GMM,17,concavity error,569,569,0.03189371635352535,0.03011550696760863,-0.0017782093859167215,1.1575627039274055,0.24731690336469767,0.04569420035149385,-0.058908425252890625,0.1002492507440233
1,1051,Breast Cancer,Class GMM,18,concave points error,569,569,0.011796137079660353,0.011624083898348573,-0.00017205318131177996,0.5075332459245718,0.6118818971415347,0.04569420035149385,-0.02788419863965272,0.07764459717930938
1,1051,Breast Cancer,Class GMM,19,symmetry error,569,569,0.020542298759512197,0.020584752454188355,4.24536946761582e-05,-0.09368093749368939,0.9253796075723335,0.12126537785588752,0.00513545086840855,0.1140225619412323
1,1051,Breast Cancer,Class GMM,20,fractal dimension error,569,569,0.0037949038734937804,0.0038090164623606248,1.4112588866844328e-05,-0.10446751993548638,0.916819023467089,0.10896309314586995,0.00533331550047392,0.13253770208505994
1,1051,Breast Cancer,Class GMM,21,worst radius,569,569,16.269189776770887,16.035166921431234,-0.23402285533965284,0.8625738729367944,0.3885562837779085,0.043936731107205626,-0.04842008350004864,0.08112785002813058
1,1051,Breast Cancer,Class GMM,22,worst texture,569,569,25.67722316534113,25.35767584064933,-0.3195473246918006,0.9342943885155147,0.3503542275909042,0.06502636203866433,-0.05199060299370727,0.10758755317555817
1,1051,Breast Cancer,Class GMM,23,worst perimeter,569,569,107.26121279644421,105.41382764471017,-1.847385151734045,0.9732414760520544,0.33064262035221004,0.0421792618629174,-0.05497766130208697,0.08016899591363141
1,1051,Breast Cancer,Class GMM,24,worst area,569,569,880.5831290514901,834.7587421866418,-45.82438686484829,1.4848276687804212,0.13787759195348134,0.056239015817223195,-0.0804844803660242,0.09863036164090845
1,1051,Breast Cancer,Class GMM,25,worst smoothness,569,569,0.13236859435565862,0.13173914785858618,-0.0006294464970724445,0.5006646852164699,0.6167065747967787,0.050966608084358524,-0.027567802691256076,0.10852968855163062
1,1051,Breast Cancer,Class GMM,26,worst compactness,569,569,0.25426504394016597,0.24712552325980106,-0.007139520680364914,0.7763049817850749,0.43773066164532715,0.04569420035149385,-0.04537757727699305,0.07535022322698658
1,1051,Breast Cancer,Class GMM,27,worst concavity,569,569,0.2721884833807977,0.2545582189689912,-0.017630264411806484,1.5011729939292116,0.13359201781091098,0.061511423550087874,-0.08450718108118417,0.10427752539257427
1,1051,Breast Cancer,Class GMM,28,worst concave points,569,569,0.11460622294146325,0.11002465075549714,-0.00458157218596611,1.2185800560033415,0.22325802039549045,0.050966608084358524,-0.06970028493231922,0.08963976760151002
1,1051,Breast Cancer,Class GMM,29,worst symmetry,569,569,0.2900755708948799,0.2852555931347745,-0.004819977760105398,1.4012078471134792,0.1614301751049161,0.070298769771529,-0.0779087807848804,0.12326887088027462
1,1051,Breast Cancer,Class GMM,30,worst fractal dimension,569,569,0.08394581713895387,0.08329274346282696,-0.0006530736761269085,0.647754113100578,0.5172770287260757,0.0351493848857645,-0.03615876914813889,0.07510617382669632
1,1051,Diabetes,Normal,1,preg,768,768,3.8450520833333335,3.4142794377263876,-0.43077264560694584,2.774562810597191,0.005598079023776416,0.14453125,-0.12784175515025611,0.194365825401726
1,1051,Diabetes,Normal,2,plas,768,768,120.89453125,117.55355708797772,-3.3409741620222775,2.462861227304152,0.013914319473849817,0.14453125,-0.10449481771010437,0.2949825123691104
1,1051,Diabetes,Normal,3,pres,768,768,69.10546875,69.27707717319329,0.17160842319329106,-0.2057499518674593,0.8370179596399413,0.17317708333333334,0.00886596771901666,0.26531845794707565
1,1051,Diabetes,Normal,4,skin,768,768,20.536458333333332,18.111089706135278,-2.425368627198054,3.444052207780945,0.0005902552659190727,0.23828125,-0.1520396348156215,0.2833553443701563
1,1051,Diabetes,Normal,5,insu,768,768,79.79947916666667,62.282982580819485,-17.516496585847186,3.341923449394802,0.0008533610589608558,0.3841145833333333,-0.15199488098915465,0.16284639506506504
1,1051,Diabetes,Normal,6,mass,768,768,31.99257813890775,32.003872307638325,0.011294168730575649,-0.034955883876331265,0.9721208455451587,0.15234375,0.001432417722619118,0.3279680451797235
1,1051,Diabetes,Normal,7,pedi,768,768,0.4718763029280429,0.45941335784542997,-0.01246294508261292,0.8252869055543032,0.4093452944715428,0.12760416666666666,-0.03761496582473304,0.1700427600135266
1,1051,Diabetes,Normal,8,age,768,768,33.240885416666664,32.894408908983074,-0.3464765076835903,0.6245209129168334,0.5323811007991046,0.11328125,-0.029461792027358883,0.13240039514430677
1,1051,Diabetes,Log-normal,1,preg,768,768,3.8450520833333335,3.3377135672587124,-0.5073385160746211,3.241123041243471,0.0012172375649397908,0.14453125,-0.15056440460240847,0.20620751827464778
1,1051,Diabetes,Log-normal,2,plas,768,768,120.89453125,118.95727023482323,-1.937261015176773,1.4606254696609098,0.14437697660384688,0.19921875,-0.0605910924508109,0.3410906229232363
1,1051,Diabetes,Log-normal,3,pres,768,768,69.10546875,69.57675769300356,0.4712889430035574,-0.6007649053681176,0.548115737119306,0.22265625,0.02434879402066492,0.3608700454631309
1,1051,Diabetes,Log-normal,4,skin,768,768,20.536458333333332,22.745395679063524,2.2089373457301917,-3.0383520894189298,0.002421537156285748,0.2421875,0.13847220010244446,0.28742092456334883
1,1051,Diabetes,Log-normal,5,insu,768,768,79.79947916666667,67.47047859439772,-12.329000572268953,2.2585229912771116,0.02405664142625496,0.3268229166666667,-0.10698165976862897,0.13898077063341444
1,1051,Diabetes,Log-normal,6,mass,768,768,31.99257813890775,31.749836701899767,-0.24274143700798234,0.7770273387373992,0.4373144128883667,0.20703125,-0.030788392819936613,0.406894804665101
1,1051,Diabetes,Log-normal,7,pedi,768,768,0.4718763029280429,0.4749994723824784,0.003123169454435526,-0.2093258951818566,0.8342238771958576,0.16276041666666666,0.009426363361041194,0.1735651584148734
1,1051,Diabetes,Log-normal,8,age,768,768,33.240885416666664,32.131825598577656,-1.1090598180890083,2.018413247601407,0.04372845152264751,0.12109375,-0.09430614952912854,0.16676975190542564
1,1051,Diabetes,Class GMM,1,preg,768,768,3.8450520833333335,3.359559031642372,-0.4854930516909617,3.174516528701565,0.0015327627972684973,0.11848958333333333,-0.14408122529944914,0.20537209237461237
1,1051,Diabetes,Class GMM,2,plas,768,768,120.89453125,119.68648700912793,-1.20804424087207,0.8534540194915715,0.39355521111275893,0.14713541666666666,-0.037783528586410674,0.2319584361896876
1,1051,Diabetes,Class GMM,3,pres,768,768,69.10546875,69.62439336643244,0.518924616432443,-0.6492784883938035,0.5162826149420984,0.22916666666666666,0.02680996427085565,0.3451343448088496
1,1051,Diabetes,Class GMM,4,skin,768,768,20.536458333333332,17.921243991906522,-2.6152143414268103,3.6610433874268256,0.0002604799482274884,0.25,-0.16394055351575335,0.25614130806762636
1,1051,Diabetes,Class GMM,5,insu,768,768,79.79947916666667,53.161377637944405,-26.638101528722267,5.317808826686763,1.229038740279147e-07,0.2513020833333333,-0.2311452128403996,0.23361874544406158
1,1051,Diabetes,Class GMM,6,mass,768,768,31.99257813890775,31.00048003004243,-0.9920981088653207,3.1113682235449502,0.0019086776305391189,0.22005208333333334,-0.12583454631809557,0.3922165487740558
1,1051,Diabetes,Class GMM,7,pedi,768,768,0.4718763029280429,0.4544155703333672,-0.017460732594675676,1.1811892101858947,0.23772805863661295,0.1796875,-0.05269914404648581,0.23100244601056227
1,1051,Diabetes,Class GMM,8,age,768,768,33.240885416666664,33.43807806322972,0.19719264656305313,-0.3442707127831648,0.7306903457805599,0.13671875,0.016767469513231038,0.13290767210954466
2,2060,HIV,Normal,1,spikeProduction_D1D2,91,91,3.140899490524124,3.1475303094465654,0.006630818922441328,-0.45070827046091666,0.6530036510518702,0.27472527472527475,0.05132863385289226,0.48115178236850054
2,2060,HIV,Normal,2,spikeDecay_D1D2,91,91,0.024470117864209218,0.024459331388493162,-1.0786475716055566e-05,0.09799229715583897,0.9220952737566557,0.25274725274725274,-0.011266465042629532,0.39258987418474495
2,2060,HIV,Normal,3,spikeProduction_D3,91,91,0.62353461260324,0.6237769677088811,0.0002423551056411899,-0.5404861299038144,0.589983999125302,0.2857142857142857,0.05929804435660562,0.49730206354129086
2,2060,HIV,Normal,4,spikeDecay_D3,91,91,0.008703867730858562,0.008709631041511075,5.763310652513037e-06,-0.21753543459661517,0.8281949711523947,0.27472527472527475,0.024040437869346273,0.4553687896241983
2,2060,HIV,Normal,5,RBDProduction_D1D2,91,91,2.404523417189881,2.41343355178833,0.008910134598449027,-0.7851208948928001,0.43397628679281064,0.2087912087912088,0.08828194542853587,0.4249511650087493
2,2060,HIV,Normal,6,RBDDecay_D1D2,91,91,0.021558716197262753,0.021575122744172483,1.640654690972937e-05,-0.6120407138837336,0.5417413649439986,0.27472527472527475,0.06817491836277047,0.5030350232021222
2,2060,HIV,Normal,7,RBDProduction_D3,91,91,0.8169864972869119,0.8173587636633234,0.00037226637641152305,-0.14092677216453928,0.8881603657565473,0.2087912087912088,0.016073836210001954,0.38954469589446583
2,2060,HIV,Normal,8,RBDDecay_D3,91,91,0.011376512891889274,0.011382251619719543,5.7387278302682004e-06,-0.2234152358789528,0.8235834252119199,0.25274725274725274,0.025538450758758817,0.4437991598573816
2,2060,HIV,Normal,9,V1_blood_IgGspike,91,91,6.896112140718397,4.854999162338593,-2.0411129783798048,2.527588140606456,0.01310600018581991,0.24175824175824176,-0.26984420670516224,0.396197016713753
2,2060,HIV,Normal,10,V4_blood_IgGspike,91,91,203.0056377518308,100.98892614343664,-102.01671160839415,3.3038979799637316,0.0013215179995809292,0.24175824175824176,-0.3564297824423399,0.3741276664765228
2,2060,HIV,Normal,11,V4a_blood_IgGspike,91,91,125.34833855812366,68.3050939329378,-57.043244625185864,2.7722747030264583,0.0066767058699509175,0.21978021978021978,-0.29609656187978006,0.3138681452703748
2,2060,HIV,Normal,12,V6_blood_IgGspike,91,91,924.6595707568493,832.6630032717527,-91.99656748509665,1.4411888911425677,0.15138764938701849,0.3076923076923077,-0.19020099670237073,0.36173136463224836
2,2060,HIV,Normal,13,V8_blood_IgGspike,91,91,483.44704525287335,314.73279831435656,-168.7142469385168,3.2580328420769153,0.0014198571793449305,0.2857142857142857,-0.38431766639997783,0.4487811801467249
2,2060,HIV,Normal,14,V8a_blood_IgGspike,91,91,339.3911614889627,209.93232942937496,-129.45883205958776,3.372276729650702,0.0010132584794348874,0.23076923076923078,-0.3788548193139615,0.4192289187239647
2,2060,HIV,Normal,15,V8b_blood_IgGspike,91,91,1349.6065938760946,1372.4815967266377,22.87500285054307,-0.5646687450889857,0.5730332267915679,0.2857142857142857,0.07608686604851891,0.25520079130215045
2,2060,HIV,Normal,16,V9_blood_IgGspike,91,91,1015.3168724814614,820.4751244848901,-194.84174799657126,3.3335344690397095,0.0010974157870843487,0.4065934065934066,-0.3989303313228621,0.579444044231477
2,2060,HIV,Normal,17,V10_blood_IgGspike,91,91,962.7392485063154,855.9321949717763,-106.80705353453914,1.659726165750445,0.09919253090046991,0.37362637362637363,-0.1991716159112299,0.5664330739980883
2,2060,HIV,Normal,18,V11_blood_IgGspike,91,91,1314.8465629829154,1273.5309468363669,-41.315616146548564,1.0419854588084705,0.29913872334762476,0.5274725274725275,-0.12693115845927544,0.49504305984894953
2,2060,HIV,Normal,19,V1_blood_IgGRBD,91,91,5.13758461029975,4.181349219856681,-0.9562353904430685,1.165367286591302,0.2469008998216418,0.4945054945054945,-0.12265591637111346,0.2258074365956923
2,2060,HIV,Normal,20,V4_blood_IgGRBD,91,91,226.04022855549067,88.78381475511488,-137.2564138003758,2.339280748771597,0.02147430967449989,0.15384615384615385,-0.246893776266256,0.26182923660081026
2,2060,HIV,Normal,21,V4a_blood_IgGRBD,91,91,159.47874348504203,58.69683922778119,-100.78190425726083,1.9503015513755795,0.05421693308217288,0.16483516483516483,-0.2050281166814965,0.2162727124130486
2,2060,HIV,Normal,22,V6_blood_IgGRBD,91,91,1757.633392538343,1270.8403710166176,-486.79302152172545,2.858470048017453,0.004904435356402681,0.23076923076923078,-0.34275475599299465,0.42282876340883546
2,2060,HIV,Normal,23,V8_blood_IgGRBD,91,91,562.1188489578583,284.86451528360556,-277.25433367425273,3.139511449128506,0.002192155992297111,0.23076923076923078,-0.3436319377002487,0.3614071342175817
2,2060,HIV,Normal,24,V8a_blood_IgGRBD,91,91,494.1665499446156,230.33164340847142,-263.8349065361442,2.9647410597501542,0.003801610488785042,0.16483516483516483,-0.3178796814077372,0.3269013231537387
2,2060,HIV,Normal,25,V8b_blood_IgGRBD,91,91,2589.5026994170726,2107.379397381793,-482.1233020352797,3.1490536855018973,0.002020440092463965,0.3626373626373626,-0.3705399310774191,0.4773863566015678
2,2060,HIV,Normal,26,V9_blood_IgGRBD,91,91,1610.33636033928,773.0131926903358,-837.3231676489441,4.6785355347618705,8.472415929515572e-06,0.2857142857142857,-0.5136517412950226,0.5514016244483597
2,2060,HIV,Normal,27,V10_blood_IgGRBD,91,91,1740.3842333646921,1045.7292114090133,-694.6550219556789,3.5553973363202815,0.0005411624245976468,0.3076923076923077,-0.40328548005503934,0.5501491470431784
2,2060,HIV,Normal,28,V11_blood_IgGRBD,91,91,2435.6731343898145,2034.7151661967184,-400.9579681930961,2.188068091131523,0.03031806171870783,0.3076923076923077,-0.2621896949764499,0.4596261444483265
2,2060,HIV,Normal,29,V4_Saliva_IgGspike,91,91,44.520155346000585,33.19231677841354,-11.327838567587044,3.439058179869104,0.0008084334975168694,0.31868131868131866,-0.38774171957402176,0.4795386833429173
2,2060,HIV,Normal,30,V4_Saliva_IgGRBD,91,91,34.03445494174957,18.54146559683831,-15.492989344911262,3.882654577575165,0.0001820176804594826,0.2857142857142857,-0.4223077916495358,0.4626066913359523
2,2060,HIV,Normal,31,V5_Saliva_IgGspike,91,91,145.75231281021138,100.37447143387008,-45.377841376341294,3.730846804721669,0.0002897495773170151,0.2967032967032967,-0.42702362779541636,0.4820099978353048
2,2060,HIV,Normal,32,V5_Saliva_IgGRBD,91,91,153.54405279473943,93.24061439849518,-60.303438396244246,3.9676831959549523,0.00012892217230566034,0.31868131868131866,-0.4400026386487446,0.47664604862686943
2,2060,HIV,Normal,33,V8_Saliva_IgGspike,91,91,125.64155031200293,94.63925305041639,-31.00229726158655,3.0329916155785095,0.0029635376732118305,0.26373626373626374,-0.34502937035671266,0.44178007085493104
2,2060,HIV,Normal,34,V8_Saliva_IgGRBD,91,91,122.48972522295438,83.74803266420469,-38.74169255874969,3.52755770274755,0.0005982177945408775,0.2857142857142857,-0.39835074362370115,0.4941847694718967
2,2060,HIV,Normal,35,V8b_Saliva_IgGspike,91,91,338.2158605004405,314.3066822093922,-23.909178291048306,1.808763439683181,0.07240882147540383,0.2857142857142857,-0.22754802938075797,0.37692505555985717
2,2060,HIV,Normal,36,V8b_Saliva_IgGRBD,91,91,398.57266855436364,353.49897379403586,-45.07369476032778,2.5542185233101864,0.011516285017092778,0.26373626373626374,-0.3411308629434707,0.4209934651402963
2,2060,HIV,Normal,37,V9_Saliva_IgGspike,91,91,223.05881720666702,176.51273186652216,-46.546085340144856,3.288817292805191,0.001259406906985569,0.27472527472527475,-0.40136863844566417,0.45912005223050734
2,2060,HIV,Normal,38,V9_Saliva_IgGRBD,91,91,255.26088198462685,182.50953020368303,-72.75135178094382,3.699340568650519,0.0003213861887351516,0.32967032967032966,-0.4264994172552036,0.5453463997614312
2,2060,HIV,Normal,39,V4_Saliva_IgAspike,91,91,47.108007475570005,38.02172582228105,-9.086281653288957,2.649874928491272,0.009195368737044518,0.18681318681318682,-0.2960742027025515,0.40167010525586944
2,2060,HIV,Normal,40,V4_Saliva_IgARBD,91,91,43.100691578545415,26.790787403400127,-16.309904175145288,5.00466230924412,1.71344955712529e-06,0.3956043956043956,-0.5907762726295573,0.6523715351308429
2,2060,HIV,Normal,41,V5_Saliva_IgAspike,91,91,84.73729122602023,62.14007341992724,-22.597217806092992,3.2795065796916263,0.0013443602838376222,0.32967032967032966,-0.3781017066423608,0.48783372853251006
2,2060,HIV,Normal,42,V5_Saliva_IgARBD,91,91,83.34017392108728,58.08142175779238,-25.258752163294908,3.564630303267038,0.0005130195545896163,0.34065934065934067,-0.4129475224699053,0.5001715602441577
2,2060,HIV,Normal,43,V8_Saliva_IgAspike,91,91,51.38416520219583,44.65188345018324,-6.7322817520125895,1.6366059458469229,0.10438592283339794,0.23076923076923078,-0.18455720384535265,0.32220018026870273
2,2060,HIV,Normal,44,V8_Saliva_IgARBD,91,91,57.968210541285,34.809691366258555,-23.15851917502645,4.060604789277713,9.660100366770632e-05,0.3626373626373626,-0.4388550882876652,0.511088790554594
2,2060,HIV,Normal,45,V8b_Saliva_IgAspike,91,91,46.935210124476924,34.223854285020096,-12.711355839456829,3.796144101299383,0.0002252673218260409,0.31868131868131866,-0.4407458803500855,0.5027111228822208
2,2060,HIV,Normal,46,V8b_Saliva_IgARBD,91,91,52.45808972107185,40.930876648033056,-11.527213073038794,2.5346145407325062,0.012408616261111725,0.26373626373626374,-0.29823897542398115,0.3458008143524445
2,2060,HIV,Normal,47,V9_Saliva_IgAspike,91,91,27.16994598647068,18.02434689134032,-9.145599095130361,3.477348819081471,0.0007035721843139088,0.3516483516483517,-0.39595337011337073,0.4583392486410243
2,2060,HIV,Normal,48,V9_Saliva_IgARBD,91,91,26.604469154889767,12.83989578812987,-13.764573366759898,2.9350099224287307,0.00416973069496577,0.34065934065934067,-0.3130735262346415,0.3586449770219729
2,2060,HIV,Normal,49,V8_IFNg,91,91,31.1695054599217,19.024039221333933,-12.145466238587769,3.163766409641205,0.0019314544706945985,0.26373626373626374,-0.3710552973361406,0.4104120188766431
2,2060,HIV,Normal,50,V9_IFNg,91,91,78.89835192083002,48.93583731074909,-29.96251461008093,2.709755554276717,0.0077367137955060925,0.1978021978021978,-0.30588635777173245,0.3523599112589038
2,2060,HIV,Normal,51,V8_IL2,91,91,130.1841593312693,84.4305796780429,-45.75357965322641,3.064282475217557,0.00264550591620826,0.27472527472527475,-0.3589264859461463,0.3916152041150058
2,2060,HIV,Normal,52,V9_IL2,91,91,174.50123680030907,111.19451339428241,-63.30672340602666,3.31206027591563,0.0012050916152085366,0.23076923076923078,-0.3832611805551835,0.4121527475190169
2,2060,HIV,Normal,53,V9Dual,91,91,19.905494527502373,12.311423878093342,-7.594070649409032,2.5880010009159573,0.01083570616381146,0.23076923076923078,-0.2943542845263224,0.35711506990348607
2,2060,HIV,Normal,54,V8Dual,91,91,8.972802202780167,5.41266543000609,-3.5601367727740776,2.8346822965192944,0.00546374255051032,0.21978021978021978,-0.3130283873263683,0.3609080537152379
2,2060,HIV,Normal,55,IFNG_production,91,91,0.09224910548489008,0.08022662493205823,-0.012022480552831852,1.1737949441312172,0.24255109237445296,0.2967032967032967,-0.13837675320627024,0.4052317523405457
2,2060,HIV,Normal,56,Il2_production,91,91,0.2338140260551002,0.22560288327244613,-0.008211142782654085,0.5330146630832853,0.5948740107588679,0.2087912087912088,-0.06362817791595085,0.3307441350494697
2,2060,HIV,Normal,57,RATIO_CD4CD8,91,91,1.2654785350128845,1.1148394951699199,-0.15063903984296467,1.36130840203037,0.17592493433165665,0.24175824175824176,-0.15527019825609734,0.3445828349360409
2,2060,HIV,Normal,58,V8Neut,91,91,265.0976501297165,155.7496721456339,-109.3479779840826,2.7617642544053855,0.0065342107579240425,0.1978021978021978,-0.32837919526870596,0.3391570213861461
2,2060,HIV,Normal,59,V9Neut,91,91,935.7140911647251,363.9596754246197,-571.7544157401054,5.273704581849377,7.33450411958408e-07,0.3516483516483517,-0.5737544014812374,0.6122143073490489
2,2060,HIV,Normal,60,V7_ACE2,91,91,334.41255225716054,213.20700911637192,-121.20554314078862,3.0665487103043243,0.002730374319107347,0.24175824175824176,-0.3382854658187234,0.4060923836373208
2,2060,HIV,Normal,61,V8_ACE2,91,91,136.17588026444992,88.27060435368465,-47.90527591076527,2.985677696335246,0.003527491623213309,0.34065934065934067,-0.32507251831530753,0.400260920179655
2,2060,HIV,Normal,62,V8b_ACE2,91,91,694.1192100441062,495.8442957951472,-198.27491424895902,3.7595901267018115,0.00026835663554918503,0.31868131868131866,-0.42196908975904646,0.5430048324359521
2,2060,HIV,Normal,63,V9_ACE2,91,91,523.224073766352,259.4526030991104,-263.77147066724166,4.735645875484487,6.992250390712475e-06,0.2857142857142857,-0.5142824298332057,0.5710962534667657
2,2060,HIV,Log-normal,1,spikeProduction_D1D2,91,91,3.140899490524124,3.143704817845271,0.002805327321147022,-0.1948068145683055,0.8458935633298887,0.3076923076923077,0.02171667030587456,0.5456489325349113
2,2060,HIV,Log-normal,2,spikeDecay_D1D2,91,91,0.024470117864209218,0.02443720435130072,-3.291351290849592e-05,0.3086994122120596,0.758119771643045,0.24175824175824176,-0.0343772124509176,0.4719178836163133
2,2060,HIV,Log-normal,3,spikeProduction_D3,91,91,0.62353461260324,0.6236525957400982,0.00011798313685829065,-0.2601988346025649,0.795190700366762,0.32967032967032966,0.02885400534744549,0.5340884436963065
2,2060,HIV,Log-normal,4,spikeDecay_D3,91,91,0.008703867730858562,0.008736875563204944,3.300783234638262e-05,-1.1804559305782851,0.23996608698357233,0.32967032967032966,0.13767025350870427,0.5153333973718287
2,2060,HIV,Log-normal,5,RBDProduction_D1D2,91,91,2.404523417189881,2.4101756562243453,0.005652239034464213,-0.5065192709434633,0.6135060183558929,0.25274725274725274,0.05600568254046529,0.4819197620856318
2,2060,HIV,Log-normal,6,RBDDecay_D1D2,91,91,0.021558716197262753,0.021566122504217283,7.406306954529235e-06,-0.28023070830304647,0.7798393200511984,0.3516483516483517,0.030785926005306934,0.5523331492729899
2,2060,HIV,Log-normal,7,RBDProduction_D3,91,91,0.8169864972869119,0.8171826063931643,0.00019610910625245115,-0.07397782471165837,0.9411479276417518,0.26373626373626374,0.008465330739700086,0.4907783908231619
2,2060,HIV,Log-normal,8,RBDDecay_D3,91,91,0.011376512891889274,0.011397531000221823,2.1018108332548913e-05,-0.8025773833802804,0.4236812618455603,0.32967032967032966,0.09353737344602851,0.5431173004645234
2,2060,HIV,Log-normal,9,V1_blood_IgGspike,91,91,6.896112140718397,4.844537467746944,-2.0515746729714532,2.5612866870255924,0.012025398845586528,0.34065934065934067,-0.27122730449370613,0.4430872568306657
2,2060,HIV,Log-normal,10,V4_blood_IgGspike,91,91,203.0056377518308,84.70145515295175,-118.30418259887904,3.9009129604798125,0.00018001054855980308,0.37362637362637363,-0.4133355372397815,0.4495654475210376
2,2060,HIV,Log-normal,11,V4a_blood_IgGspike,91,91,125.34833855812366,59.84951191158085,-65.49882664654281,3.2244264245862633,0.0017469957229430035,0.3516483516483517,-0.33998732096044515,0.3825949898328514
2,2060,HIV,Log-normal,12,V6_blood_IgGspike,91,91,924.6595707568493,743.1581176087096,-181.50145314813972,3.024843655967531,0.002921168992814945,0.34065934065934067,-0.3752500825748071,0.5335062921228194
2,2060,HIV,Log-normal,13,V8_blood_IgGspike,91,91,483.44704525287335,259.8107863625327,-223.63625889034063,4.524167549052552,1.4641438331330887e-05,0.3626373626373626,-0.5094255822345597,0.5702457069176573
2,2060,HIV,Log-normal,14,V8a_blood_IgGspike,91,91,339.3911614889627,180.09316718971337,-159.29799429924935,4.256741472427656,4.485593834267976e-05,0.34065934065934067,-0.4661776151773861,0.5134086726919547
2,2060,HIV,Log-normal,15,V8b_blood_IgGspike,91,91,1349.6065938760946,1371.178712278932,21.572118402837305,-0.5787753459068169,0.5635979122616958,0.2857142857142857,0.07175334885300655,0.2756908082778587
2,2060,HIV,Log-normal,16,V9_blood_IgGspike,91,91,1015.3168724814614,789.562499496963,-225.75437298449833,4.067554940248629,8.513635251981887e-05,0.43956043956043955,-0.4622231853022655,0.6782090295485804
2,2060,HIV,Log-normal,17,V10_blood_IgGspike,91,91,962.7392485063154,757.1763148045802,-205.56293370173523,3.520550900616486,0.000640407708713145,0.5054945054945055,-0.38332972343225674,0.7547642941198084
2,2060,HIV,Log-normal,18,V11_blood_IgGspike,91,91,1314.8465629829154,1243.3369556468922,-71.50960733602324,1.9788366634078765,0.05029812521846341,0.6593406593406593,-0.21969483245205967,0.7041274648385331
2,2060,HIV,Log-normal,19,V1_blood_IgGRBD,91,91,5.13758461029975,4.157461517459744,-0.9801230928400058,1.1979248970805998,0.23407726120425587,0.5164835164835165,-0.12571997323965664,0.2518350623207657
2,2060,HIV,Log-normal,20,V4_blood_IgGRBD,91,91,226.04022855549067,63.77162416688689,-162.2686043886038,2.779867560707028,0.006613155496056776,0.32967032967032966,-0.29188515071845167,0.30840981400743694
2,2060,HIV,Log-normal,21,V4a_blood_IgGRBD,91,91,159.47874348504203,47.10943358809083,-112.3693098969512,2.1786655494284415,0.03195954631914718,0.3626373626373626,-0.2286012298626872,0.2457980433802245
2,2060,HIV,Log-normal,22,V6_blood_IgGRBD,91,91,1757.633392538343,941.4773178100586,-816.1560747282845,5.16728715100109,1.0422870279379541e-06,0.3626373626373626,-0.5746617584264293,0.6363300713283021
2,2060,HIV,Log-normal,23,V8_blood_IgGRBD,91,91,562.1188489578583,229.260832126324,-332.8580168315343,3.8545445688460234,0.00020769848835412578,0.31868131868131866,-0.41254771662945056,0.43536135468247567
2,2060,HIV,Log-normal,24,V8a_blood_IgGRBD,91,91,494.1665499446156,183.23212948474256,-310.9344204598731,3.529701559354636,0.000644710504267389,0.3516483516483517,-0.37462726442218,0.3875708222310804
2,2060,HIV,Log-normal,25,V8b_blood_IgGRBD,91,91,2589.5026994170726,1965.8738861083984,-623.6288133086741,4.324838695287926,3.35091024042693e-05,0.4175824175824176,-0.4792952679240553,0.6394980598434853
2,2060,HIV,Log-normal,26,V9_blood_IgGRBD,91,91,1610.33636033928,692.0496435899001,-918.2867167493798,5.297077812412444,7.562371432549688e-07,0.31868131868131866,-0.5633184574846167,0.635893036061993
2,2060,HIV,Log-normal,27,V10_blood_IgGRBD,91,91,1740.3842333646921,788.5919497982486,-951.7922835664435,5.209307652918564,1.1105982691582206e-06,0.3956043956043956,-0.5525678793125638,0.723933646866658
2,2060,HIV,Log-normal,28,V11_blood_IgGRBD,91,91,2435.6731343898145,1718.33640733656,-717.3367270532547,4.365145342560425,3.122098494768783e-05,0.46153846153846156,-0.4690724291042113,0.7609408005899033
2,2060,HIV,Log-normal,29,V4_Saliva_IgGspike,91,91,44.520155346000585,28.496998735836574,-16.023156610164012,4.99895295834519,2.26491093668512e-06,0.43956043956043955,-0.5484581014617328,0.6196966998423128
2,2060,HIV,Log-normal,30,V4_Saliva_IgGRBD,91,91,34.03445494174957,13.819530869578267,-20.214924072171307,5.18331945609056,1.2225173587030856e-06,0.3956043956043956,-0.5510182754918249,0.5888888527121674
2,2060,HIV,Log-normal,31,V5_Saliva_IgGspike,91,91,145.75231281021138,94.20672431555423,-51.54558849465715,4.387399266746839,2.642555955162143e-05,0.3516483516483517,-0.48506450046832283,0.5605582321421256
2,2060,HIV,Log-normal,32,V5_Saliva_IgGRBD,91,91,153.54405279473943,86.5217593724911,-67.02229342224832,4.459444545214585,2.037968801022252e-05,0.3626373626373626,-0.4890265056163138,0.5206580421052123
2,2060,HIV,Log-normal,33,V8_Saliva_IgGspike,91,91,125.64155031200293,79.10889298051268,-46.532657331490256,4.691998510529806,7.879675477455916e-06,0.3626373626373626,-0.5178692559982292,0.5853571695315202
2,2060,HIV,Log-normal,34,V8_Saliva_IgGRBD,91,91,122.48972522295438,74.66476743889379,-47.82495778406059,4.51446741911135,1.6748177474356144e-05,0.4175824175824176,-0.4917467363256095,0.5946078783666433
2,2060,HIV,Log-normal,35,V8b_Saliva_IgGspike,91,91,338.2158605004405,325.4730648732447,-12.74279562719579,1.0016828290077384,0.31817617854217956,0.3516483516483517,-0.12127553424329096,0.43416056212146886
2,2060,HIV,Log-normal,36,V8b_Saliva_IgGRBD,91,91,398.57266855436364,359.59511912524044,-38.9775494291232,2.2211299064594576,0.02766522317802354,0.3516483516483517,-0.29499354507608655,0.47773388806225825
2,2060,HIV,Log-normal,37,V9_Saliva_IgGspike,91,91,223.05881720666702,167.32935661797995,-55.72946058868706,4.1694031449903886,5.636105269500817e-05,0.4175824175824176,-0.4805572499759214,0.5976495788724422
2,2060,HIV,Log-normal,38,V9_Saliva_IgGRBD,91,91,255.26088198462685,164.91536476585893,-90.34551721876792,4.815245848031531,4.815693526687095e-06,0.4725274725274725,-0.5296439491464034,0.6649664891250456
2,2060,HIV,Log-normal,39,V4_Saliva_IgAspike,91,91,47.108007475570005,35.89871433279016,-11.209293142779842,3.3732971736555046,0.001050931230796249,0.3076923076923077,-0.3652519145455743,0.49382310484503433
2,2060,HIV,Log-normal,40,V4_Saliva_IgARBD,91,91,43.100691578545415,24.243178708335527,-18.857512870209888,6.061767855591092,1.679825205326546e-08,0.45054945054945056,-0.683055551755723,0.7521529540758564
2,2060,HIV,Log-normal,41,V5_Saliva_IgAspike,91,91,84.73729122602023,56.67896790294857,-28.05832332307166,4.205265946079368,5.2218091384025415e-05,0.4065934065934066,-0.46947805006950905,0.559864682754314
2,2060,HIV,Log-normal,42,V5_Saliva_IgARBD,91,91,83.34017392108728,51.67526186429537,-31.664912056791913,4.5607748224493445,1.2368729439882041e-05,0.37362637362637363,-0.5176798138121425,0.5804841832729878
2,2060,HIV,Log-normal,43,V8_Saliva_IgAspike,91,91,51.38416520219583,40.96270835792625,-10.421456844269578,2.5970345782573117,0.010712619817285562,0.2857142857142857,-0.28569127918796167,0.4062258334960672
2,2060,HIV,Log-normal,44,V8_Saliva_IgARBD,91,91,57.968210541285,27.45059725478455,-30.517613286500453,5.381169421057451,4.956622620804925e-07,0.5164835164835165,-0.5783103031095139,0.6155219210399937
2,2060,HIV,Log-normal,45,V8b_Saliva_IgAspike,91,91,46.935210124476924,31.989032685265435,-14.946177439211489,4.49312766713155,1.56615159340067e-05,0.38461538461538464,-0.5182346949026315,0.5959246255129582
2,2060,HIV,Log-normal,46,V8b_Saliva_IgARBD,91,91,52.45808972107185,37.60503409983038,-14.853055621241474,3.3523028918080975,0.0010630935110183645,0.2967032967032967,-0.3842872656473531,0.4434057136962925
2,2060,HIV,Log-normal,47,V9_Saliva_IgAspike,91,91,27.16994598647068,17.51429245891152,-9.65565352755916,3.7428561489826655,0.0002867801927090039,0.3626373626373626,-0.41803592618558644,0.4938192864253315
2,2060,HIV,Log-normal,48,V9_Saliva_IgARBD,91,91,26.604469154889767,10.242755135337076,-16.361714019552693,3.5050158523121127,0.0006995160881198952,0.42857142857142855,-0.37214515579055324,0.4073141756367375
2,2060,HIV,Log-normal,49,V8_IFNg,91,91,31.1695054599217,14.60276780285678,-16.56673765706492,4.5941939819716895,1.17685836097592e-05,0.3516483516483517,-0.5061292051169632,0.5474008207576059
2,2060,HIV,Log-normal,50,V9_IFNg,91,91,78.89835192083002,39.09884620367826,-39.79950571715177,3.6945061509450077,0.0003477311756828038,0.2967032967032967,-0.4063119625369979,0.445216279879558
2,2060,HIV,Log-normal,51,V8_IL2,91,91,130.1841593312693,68.76470357245141,-61.419455758817904,4.350162086422166,3.041330192911734e-05,0.3626373626373626,-0.48182176253290826,0.5295735771271411
2,2060,HIV,Log-normal,52,V9_IL2,91,91,174.50123680030907,94.4953311930646,-80.00590560724447,4.347563337254438,3.0279371350602472e-05,0.2857142857142857,-0.48435859438061896,0.5208485739802031
2,2060,HIV,Log-normal,53,V9Dual,91,91,19.905494527502373,9.929266384669713,-9.97622814283266,3.53413903484906,0.0006077257904759845,0.34065934065934067,-0.38668923628015095,0.44608209698367274
2,2060,HIV,Log-normal,54,V8Dual,91,91,8.972802202780167,4.041377184318972,-4.931425018461195,4.011893199258592,0.00011548708258679567,0.4065934065934066,-0.4336001889704515,0.48414640435764733
2,2060,HIV,Log-normal,55,IFNG_production,91,91,0.09224910548489008,0.07122389550044478,-0.021025209984445306,2.136338302236098,0.03469382679945011,0.2967032967032967,-0.24199668385624556,0.49341153350400735
2,2060,HIV,Log-normal,56,Il2_production,91,91,0.2338140260551002,0.20423972385597752,-0.029574302199122687,1.994900983924434,0.048232904417160306,0.26373626373626374,-0.2291715981660711,0.43388786651790734
2,2060,HIV,Log-normal,57,RATIO_CD4CD8,91,91,1.2654785350128845,1.1527334769348523,-0.11274505807803226,1.0397385419955543,0.3006582218359943,0.32967032967032966,-0.11621110897173688,0.3845852649380438
2,2060,HIV,Log-normal,58,V8Neut,91,91,265.0976501297165,135.3705597213664,-129.7270904083501,3.375780699291503,0.0009779882539507352,0.26373626373626374,-0.38957897517100737,0.41167344347603196
2,2060,HIV,Log-normal,59,V9Neut,91,91,935.7140911647251,329.56749762250826,-606.1465935422168,5.7407194417070455,1.1517227828198658e-07,0.37362637362637363,-0.6082668530258978,0.6826841077684385
2,2060,HIV,Log-normal,60,V7_ACE2,91,91,334.41255225716054,179.41276173015217,-154.99979052700837,4.043376848505079,0.00010536812476442371,0.3956043956043956,-0.4326054580848537,0.5081152581378613
2,2060,HIV,Log-normal,61,V8_ACE2,91,91,136.17588026444992,79.69363231449337,-56.482247949956545,3.5895409265045712,0.0005222969233000172,0.4175824175824176,-0.3832735463850597,0.4758411518968025
2,2060,HIV,Log-normal,62,V8b_ACE2,91,91,694.1192100441062,445.5358716524564,-248.58333839164982,4.891020233228257,3.770100718917049e-06,0.37362637362637363,-0.5290355615916391,0.6654316446394732
2,2060,HIV,Log-normal,63,V9_ACE2,91,91,523.224073766352,220.99101219596443,-302.2330615703876,5.519837172708912,2.84585091731046e-07,0.42857142857142855,-0.5892719546907397,0.6504312092129725
2,2060,HIV,Class GMM,1,spikeProduction_D1D2,91,91,3.140899490524124,3.1261168207441057,-0.01478266978001841,0.9399309043187708,0.34880582999062715,0.25274725274725274,-0.11443007639798931,0.39050264202462104
2,2060,HIV,Class GMM,2,spikeDecay_D1D2,91,91,0.024470117864209218,0.02457984682213474,0.00010972895792552353,-0.9131029724875135,0.3626000713683625,0.21978021978021978,0.11461210881131899,0.26793675964762853
2,2060,HIV,Class GMM,3,spikeProduction_D3,91,91,0.62353461260324,0.6237585177788367,0.00022390517559678358,-0.4845261446346462,0.6289050973775732,0.24175824175824176,0.05477593027283004,0.4474135751791391
2,2060,HIV,Class GMM,4,spikeDecay_D3,91,91,0.008703867730858562,0.008705040828867272,1.1730980087106685e-06,-0.043872159388472796,0.9650835201959114,0.25274725274725274,0.004898205227540095,0.42764967161511785
2,2060,HIV,Class GMM,5,RBDProduction_D1D2,91,91,2.404523417189881,2.4132192737453586,0.008695856555477555,-0.7541930102223454,0.4521791156079469,0.17582417582417584,0.08616058964477773,0.3869489444456146
2,2060,HIV,Class GMM,6,RBDDecay_D1D2,91,91,0.021558716197262753,0.021577071971618213,1.8355774355459376e-05,-0.676217462514899,0.5002284910262393,0.2967032967032967,0.07627973720299083,0.46401089510626725
2,2060,HIV,Class GMM,7,RBDProduction_D3,91,91,0.8169864972869119,0.8197240475769881,0.002737550290076274,-0.9908046020369643,0.32350524368842115,0.2087912087912088,0.11817498790667037,0.3635666291284286
2,2060,HIV,Class GMM,8,RBDDecay_D3,91,91,0.011376512891889274,0.011353917123115325,-2.2595768773949268e-05,0.8491570552661564,0.3972843024231789,0.27472527472527475,-0.10055402341918313,0.4270323071995924
2,2060,HIV,Class GMM,9,V1_blood_IgGspike,91,91,6.896112140718397,4.396560485546406,-2.4995516551719916,3.096807403748638,0.0025614123428335735,0.25274725274725274,-0.33045181656719164,0.4069845819698085
2,2060,HIV,Class GMM,10,V4_blood_IgGspike,91,91,203.0056377518308,110.55665454235705,-92.44898320947374,2.9522110206231655,0.0038857966011920544,0.18681318681318682,-0.32300165554211036,0.3378192377687885
2,2060,HIV,Class GMM,11,V4a_blood_IgGspike,91,91,125.34833855812366,71.87528611277486,-53.4730524453488,2.5583778715081715,0.01197472111808695,0.17582417582417584,-0.27756463435053425,0.2888230472779053
2,2060,HIV,Class GMM,12,V6_blood_IgGspike,91,91,924.6595707568493,776.9013572105995,-147.75821354624986,2.3700933716310644,0.01895294546261155,0.31868131868131866,-0.3054868474973445,0.3730576947959347
2,2060,HIV,Class GMM,13,V8_blood_IgGspike,91,91,483.44704525287335,288.97149876185824,-194.4755464910151,3.8527734351812084,0.00018556925653747617,0.32967032967032966,-0.44299982766834434,0.48370265785642186
2,2060,HIV,Class GMM,14,V8a_blood_IgGspike,91,91,339.3911614889627,218.8327566922366,-120.55840479672614,3.067338119417568,0.002647161232521751,0.24175824175824176,-0.35280809417724185,0.37407673670992864
2,2060,HIV,Class GMM,15,V8b_blood_IgGspike,91,91,1349.6065938760946,1339.5440278105684,-10.062566065526198,0.2501719855190057,0.8027544545838075,0.26373626373626374,-0.03346873629027297,0.2950343830648131
2,2060,HIV,Class GMM,16,V9_blood_IgGspike,91,91,1015.3168724814614,855.8055465195205,-159.51132596194088,2.613400529565322,0.009851386847405648,0.4065934065934066,-0.3265929810459849,0.42908749837391663
2,2060,HIV,Class GMM,17,V10_blood_IgGspike,91,91,962.7392485063154,763.7108813275348,-199.02836717878063,3.1536611338203926,0.0019908226699711755,0.42857142857142855,-0.37114423013557557,0.5799818089465048
2,2060,HIV,Class GMM,18,V11_blood_IgGspike,91,91,1314.8465629829154,1263.9512946160285,-50.89526836688697,1.2642311498460015,0.20809290238144518,0.5274725274725275,-0.15636238887743484,0.48034309287023913
2,2060,HIV,Class GMM,19,V1_blood_IgGRBD,91,91,5.13758461029975,4.1096303672580925,-1.0279542430416573,1.2528539399880647,0.2134537126152758,0.4065934065934066,-0.13185524313000113,0.22063670922888337
2,2060,HIV,Class GMM,20,V4_blood_IgGRBD,91,91,226.04022855549067,89.69818671719058,-136.34204183830008,2.3087082423505025,0.023131717625393018,0.17582417582417584,-0.24524903202063764,0.25456832593897594
2,2060,HIV,Class GMM,21,V4a_blood_IgGRBD,91,91,159.47874348504203,63.18519393166343,-96.2935495533786,1.8512335464222875,0.06729531359470754,0.17582417582417584,-0.1958971175807237,0.2023442879406206
2,2060,HIV,Class GMM,22,V6_blood_IgGRBD,91,91,1757.633392538343,1141.145991901775,-616.487400636568,3.6742738784807476,0.0003426779327761808,0.25274725274725274,-0.4340735345586916,0.4629363406081181
2,2060,HIV,Class GMM,23,V8_blood_IgGRBD,91,91,562.1188489578583,298.48194011227116,-263.63690884558713,2.945223995830445,0.003930317509357459,0.21978021978021978,-0.3267543856331245,0.34034531268542245
2,2060,HIV,Class GMM,24,V8a_blood_IgGRBD,91,91,494.1665499446156,243.05834803738438,-251.10820190723123,2.809628407048773,0.005967949227535865,0.17582417582417584,-0.3025459819051396,0.30646787176766876
2,2060,HIV,Class GMM,25,V8b_blood_IgGRBD,91,91,2589.5026994170726,2089.0644866608,-500.4382127562726,3.161060560400628,0.0019123624360813708,0.3516483516483517,-0.38461603412579665,0.4292882557479498
2,2060,HIV,Class GMM,26,V9_blood_IgGRBD,91,91,1610.33636033928,915.6751044975532,-694.6612558417268,3.7029509768340043,0.0003179481412327836,0.24175824175824176,-0.4261365287203525,0.451350631790719
2,2060,HIV,Class GMM,27,V10_blood_IgGRBD,91,91,1740.3842333646921,836.3980449634594,-903.9861884012328,4.781957309477778,5.567231026312929e-06,0.34065934065934067,-0.5248137716297895,0.6029990829330758
2,2060,HIV,Class GMM,28,V11_blood_IgGRBD,91,91,2435.6731343898145,1935.9359179486285,-499.7372164411861,2.696756642850936,0.007834919133716351,0.3076923076923077,-0.3267820393024959,0.452729587341672
2,2060,HIV,Class GMM,29,V4_Saliva_IgGspike,91,91,44.520155346000585,36.81475098578485,-7.705404360215738,2.3177357572582094,0.022141779126916658,0.2857142857142857,-0.26374911160952524,0.45454031024038216
2,2060,HIV,Class GMM,30,V4_Saliva_IgGRBD,91,91,34.03445494174957,20.54470878642994,-13.489746155319633,3.2887822776369773,0.0013377434883706698,0.2087912087912088,-0.36770336759091216,0.40787050121709073
2,2060,HIV,Class GMM,31,V5_Saliva_IgGspike,91,91,145.75231281021138,122.45387513296944,-23.298437677241935,1.879814309583064,0.06236249405718807,0.1978021978021978,-0.21924774558158977,0.36708502176656055
2,2060,HIV,Class GMM,32,V5_Saliva_IgGRBD,91,91,153.54405279473943,111.5674259688828,-41.97662682585663,2.709120019524851,0.007745514357820924,0.26373626373626374,-0.3062814313723089,0.36921090549843516
2,2060,HIV,Class GMM,33,V8_Saliva_IgGspike,91,91,125.64155031200293,103.4295947944725,-22.21195551753044,2.0625948338898326,0.04099270985739654,0.18681318681318682,-0.24720041034694473,0.31715448281259073
2,2060,HIV,Class GMM,34,V8_Saliva_IgGRBD,91,91,122.48972522295438,89.46408488724258,-33.0256403357118,2.88810965582389,0.00452290920345429,0.2087912087912088,-0.33957691276414514,0.39332574457459224
2,2060,HIV,Class GMM,35,V8b_Saliva_IgGspike,91,91,338.2158605004405,326.3490746466668,-11.866785853773706,0.8951302638537824,0.37208582073219765,0.21978021978021978,-0.11293812444439474,0.3022816999809202
2,2060,HIV,Class GMM,36,V8b_Saliva_IgGRBD,91,91,398.57266855436364,354.6118696443327,-43.96079891003092,2.5220673760710546,0.01259481153703641,0.31868131868131866,-0.33270822369663255,0.41085280334949315
2,2060,HIV,Class GMM,37,V9_Saliva_IgGspike,91,91,223.05881720666702,195.46673018067747,-27.592087025989542,1.8905911958970256,0.060527540955389286,0.18681318681318682,-0.23792753997706348,0.3369903870199082
2,2060,HIV,Class GMM,38,V9_Saliva_IgGRBD,91,91,255.26088198462685,209.13216945103235,-46.128712533594495,2.222801401185262,0.027769148360416517,0.21978021978021978,-0.27042623606616445,0.3935117532463605
2,2060,HIV,Class GMM,39,V4_Saliva_IgAspike,91,91,47.108007475570005,38.957148876818984,-8.150858598751022,2.3619973314794693,0.01983542986521152,0.18681318681318682,-0.26559361789138336,0.3721740527061214
2,2060,HIV,Class GMM,40,V4_Saliva_IgARBD,91,91,43.100691578545415,31.68374120272123,-11.416950375824186,3.431233583468032,0.0007864828619077469,0.3516483516483517,-0.4135439988138995,0.5013670771429904
2,2060,HIV,Class GMM,41,V5_Saliva_IgAspike,91,91,84.73729122602023,64.71009962899345,-20.027191597026786,2.9663433329257556,0.003646952015496439,0.3516483516483517,-0.3350994637142226,0.47801090248850725
2,2060,HIV,Class GMM,42,V5_Saliva_IgARBD,91,91,83.34017392108728,65.67391206929972,-17.666261851787567,2.450169639354874,0.01556388583164764,0.26373626373626374,-0.28882030923459195,0.4023838779309773
2,2060,HIV,Class GMM,43,V8_Saliva_IgAspike,91,91,51.38416520219583,43.68076495285872,-7.703400249337108,1.9142167623057356,0.05821127763914712,0.2857142857142857,-0.2111791012061276,0.3711165154774411
2,2060,HIV,Class GMM,44,V8_Saliva_IgARBD,91,91,57.968210541285,37.28267722077422,-20.685533320510785,3.5980520902245043,0.0004919926615333152,0.2857142857142857,-0.3919918984580526,0.46552133540202634
2,2060,HIV,Class GMM,45,V8b_Saliva_IgAspike,91,91,46.935210124476924,35.1707577757783,-11.764452348698626,3.4205082383831695,0.0008212887258685081,0.3076923076923077,-0.40791367472659945,0.47088321893929846
2,2060,HIV,Class GMM,46,V8b_Saliva_IgARBD,91,91,52.45808972107185,41.124393463134766,-11.333696257937085,2.491508898750894,0.013941772730064835,0.23076923076923078,-0.2932322211566334,0.3502015016512351
2,2060,HIV,Class GMM,47,V9_Saliva_IgAspike,91,91,27.16994598647068,20.532671745006855,-6.637274241463825,2.533466948807555,0.012584613640293342,0.3076923076923077,-0.2873569653744107,0.38720624446903446
2,2060,HIV,Class GMM,48,V9_Saliva_IgARBD,91,91,26.604469154889767,14.937279213915815,-11.667189940973952,2.4655847759859517,0.01538668934449871,0.31868131868131866,-0.2653688024981324,0.3328956923382338
2,2060,HIV,Class GMM,49,V8_IFNg,91,91,31.1695054599217,24.69702985915509,-6.472475600766611,1.4356116741804563,0.15289184429995714,0.18681318681318682,-0.19774017027797028,0.2587112926358674
2,2060,HIV,Class GMM,50,V9_IFNg,91,91,78.89835192083002,59.3615843804328,-19.53676754039722,1.620462288343686,0.10723895096948734,0.15384615384615385,-0.19945023357517894,0.2511755014539909
2,2060,HIV,Class GMM,51,V8_IL2,91,91,130.1841593312693,86.17899056319352,-44.00516876807579,2.893910056408292,0.004419790650570592,0.23076923076923078,-0.34521058022252915,0.3663401362762238
2,2060,HIV,Class GMM,52,V9_IL2,91,91,174.50123680030907,129.5317586856884,-44.96947811462067,2.2002019255668426,0.02930877203015945,0.16483516483516483,-0.272246885917257,0.3024752137593458
2,2060,HIV,Class GMM,53,V9Dual,91,91,19.905494527502373,14.745859070138616,-5.159635457363757,1.6331908311631798,0.1045555911893099,0.17582417582417584,-0.19999296178195852,0.25363774845409526
2,2060,HIV,Class GMM,54,V8Dual,91,91,8.972802202780167,6.22726412657853,-2.7455380762016377,1.9677305197382964,0.050961467697860356,0.25274725274725274,-0.24140400785733368,0.28813492308395183
2,2060,HIV,Class GMM,55,IFNG_production,91,91,0.09224910548489008,0.0885696845003762,-0.0036794209845138898,0.33032720989486336,0.7415805175741959,0.26373626373626374,-0.04234947970330504,0.2840962896823414
2,2060,HIV,Class GMM,56,Il2_production,91,91,0.2338140260551002,0.21915075944347695,-0.01466326661162326,0.8981218727937168,0.3704871186572243,0.14285714285714285,-0.11362578770238585,0.2368491133586718
2,2060,HIV,Class GMM,57,RATIO_CD4CD8,91,91,1.2654785350128845,1.157553223463205,-0.10792531154967944,0.9599491192503757,0.33888932537670735,0.23076923076923078,-0.11124330996718894,0.2859510613635404
2,2060,HIV,Class GMM,58,V8Neut,91,91,265.0976501297165,164.2885730790568,-100.80907705065971,2.595322844274431,0.010531398885759298,0.16483516483516483,-0.30273624623081774,0.3111275596541402
2,2060,HIV,Class GMM,59,V9Neut,91,91,935.7140911647251,474.24422792287976,-461.46986324184536,4.119379443291806,7.138700762976024e-05,0.31868131868131866,-0.4630839982384888,0.5083258457207105
2,2060,HIV,Class GMM,60,V7_ACE2,91,91,334.41255225716054,201.6128797007131,-132.79967255644743,3.3108179276358785,0.0012437998601681846,0.27472527472527475,-0.370644726212069,0.4035476906654102
2,2060,HIV,Class GMM,61,V8_ACE2,91,91,136.17588026444992,84.26009096418109,-51.91578930026883,3.2062787998353337,0.001770893002647833,0.32967032967032966,-0.35228675370072493,0.3984101519275295
2,2060,HIV,Class GMM,62,V8b_ACE2,91,91,694.1192100441062,479.04992323655347,-215.06928680755277,4.0092853695671025,0.00010515501965744762,0.3076923076923077,-0.45771104082195574,0.5100083667967819
2,2060,HIV,Class GMM,63,V9_ACE2,91,91,523.224073766352,331.9003856784695,-191.32368808788254,3.2097231618496336,0.0016762271538824744,0.24175824175824176,-0.3730289566139294,0.4215586970502359
2,2060,Breast Cancer,Normal,1,mean radius,569,569,14.127291743072348,13.94032462745224,-0.18696711562010826,0.9404527764035779,0.3471874715074187,0.056239015817223195,-0.05305484119675268,0.08759684496128836
2,2060,Breast Cancer,Normal,2,mean texture,569,569,19.289648528677297,19.06854029321922,-0.2211082354580789,0.958724238756767,0.3379117747282666,0.056239015817223195,-0.051408847478349604,0.13618158983980563
2,2060,Breast Cancer,Normal,3,mean perimeter,569,569,91.96903329993384,90.77452790003879,-1.19450539989505,0.8672883769978939,0.3859688013483601,0.0492091388400703,-0.04915891031349021,0.0825943397787101
2,2060,Breast Cancer,Normal,4,mean area,569,569,654.889103814043,630.5669584089926,-24.322145405050378,1.238268151329582,0.21587668582060926,0.05272407732864675,-0.06911368681428176,0.09048033294409237
2,2060,Breast Cancer,Normal,5,mean smoothness,569,569,0.09636028129312821,0.09723104260901157,0.0008707613158833588,-1.114063925877332,0.2654919048547359,0.0843585237258348,0.061913847880856424,0.11544134426993878
2,2060,Breast Cancer,Normal,6,mean compactness,569,569,0.10434098429781481,0.10711306403759337,0.0027720797397785546,-0.9277624528530412,0.35372977495254077,0.08787346221441125,0.05248879208922567,0.0998467738340287
2,2060,Breast Cancer,Normal,7,mean concavity,569,569,0.08879931578830029,0.08589866074475849,-0.002900655043541797,0.660369467509933,0.5091539703609002,0.06502636203866433,-0.036385592569290005,0.10041134750700266
2,2060,Breast Cancer,Normal,8,mean concave points,569,569,0.04891914597230428,0.048069050781343804,-0.0008500951909604787,0.39253435623366056,0.6947382837106605,0.050966608084358524,-0.021908094030573366,0.08786050344977131
2,2060,Breast Cancer,Normal,9,mean symmetry,569,569,0.18116186307792295,0.18380490593572912,0.0026430428578061715,-1.7648793099759075,0.07786121593112906,0.10369068541300527,0.09641083383255432,0.16752257462005712
2,2060,Breast Cancer,Normal,10,mean fractal dimension,569,569,0.06279760972974799,0.0633852496965803,0.0005876399668323096,-1.4908979011247507,0.1362704462787501,0.09314586994727592,0.08323010935289397,0.13387645064421932
2,2060,Breast Cancer,Normal,11,radius error,569,569,0.40517205624515434,0.3873930654123504,-0.01777899083280393,1.2146816260858946,0.22475725179536052,0.07205623901581722,-0.06411170855117602,0.1141929813549126
2,2060,Breast Cancer,Normal,12,texture error,569,569,1.2168534254566856,1.239069575427496,0.02221614997081045,-0.7731230329874696,0.43962443687581887,0.1054481546572935,0.04027239397332764,0.19243471055432187
2,2060,Breast Cancer,Normal,13,perimeter error,569,569,2.8660592201095474,2.7341445736809646,-0.13191464642858275,1.238360689437001,0.21585632516513345,0.08611599297012303,-0.06524436182655913,0.1136904744675298
2,2060,Breast Cancer,Normal,14,area error,569,569,40.33707911519887,36.42817490549205,-3.9089042097068187,1.6561787004528614,0.0979876220345829,0.05272407732864675,-0.08592698785445335,0.09555430895234224
2,2060,Breast Cancer,Normal,15,smoothness error,569,569,0.007040978908565007,0.007337909507539012,0.0002969305989740049,-1.8915026226577376,0.05883224264455899,0.16520210896309315,0.09889376449560734,0.1993778645712132
2,2060,Breast Cancer,Normal,16,compactness error,569,569,0.025478138811378913,0.026419933667645407,0.0009417948562664945,-0.9704379931374844,0.3320427938853824,0.13181019332161686,0.05259018262228038,0.14828361795008355
2,2060,Breast Cancer,Normal,17,concavity error,569,569,0.03189371635352535,0.03108533768392817,-0.0008083786695971817,0.5186954943706593,0.6040843795678859,0.06502636203866433,-0.026779928295772595,0.08674697346130988
2,2060,Breast Cancer,Normal,18,concave points error,569,569,0.011796137079660353,0.012100120269029927,0.00030398318936957457,-0.9247241563957155,0.3553169528361373,0.08963093145869948,0.04926589289968814,0.15940905436434197
2,2060,Breast Cancer,Normal,19,symmetry error,569,569,0.020542298759512197,0.0209235633643236,0.00038126460481140503,-0.9010931820751744,0.36775205676213063,0.1616871704745167,0.046122392095763506,0.20437223453579006
2,2060,Breast Cancer,Normal,20,fractal dimension error,569,569,0.0037949038734937804,0.003870695155246514,7.579128175273352e-05,-0.5551737994384731,0.5788963139339325,0.140597539543058,0.028643033200443334,0.13700501062606588
2,2060,Breast Cancer,Normal,21,worst radius,569,569,16.269189776770887,15.949863581330579,-0.3193261954403077,1.170855139447154,0.2419052034422202,0.0632688927943761,-0.0660689843234667,0.09435926132235564
2,2060,Breast Cancer,Normal,22,worst texture,569,569,25.67722316534113,25.468970228372854,-0.2082529369682753,0.6145788147167779,0.5389589890725469,0.0492091388400703,-0.03388303332359166,0.10470785476858788
2,2060,Breast Cancer,Normal,23,worst perimeter,569,569,107.26121279644421,105.56138176406833,-1.699831032375883,0.8919628525536439,0.3726033598814096,0.05272407732864675,-0.050586777511563846,0.07967406750098414
2,2060,Breast Cancer,Normal,24,worst area,569,569,880.5831290514901,838.5642758387883,-42.018853212701856,1.3300275515193791,0.18378151186325348,0.061511423550087874,-0.07380055090158008,0.09634899201962788
2,2060,Breast Cancer,Normal,25,worst smoothness,569,569,0.13236859435565862,0.13363686367633681,0.0012682693206781948,-0.9885672551245867,0.32308812279445154,0.0632688927943761,0.05554741579178709,0.10251359300867022
2,2060,Breast Cancer,Normal,26,worst compactness,569,569,0.25426504394016597,0.2598382499010052,0.0055732059608392115,-0.6279595549786047,0.5301580309011238,0.07205623901581722,0.035422064875008444,0.09099291632705246
2,2060,Breast Cancer,Normal,27,worst concavity,569,569,0.2721884833807977,0.2662732474751826,-0.005915235905615102,0.5105497648651078,0.6097674862129246,0.06502636203866433,-0.02835362469642238,0.09353510143745958
2,2060,Breast Cancer,Normal,28,worst concave points,569,569,0.11460622294146325,0.11309789488974284,-0.001508328051720409,0.40740768976967917,0.6837862336636809,0.050966608084358524,-0.02294647085400126,0.0859798935557222
2,2060,Breast Cancer,Normal,29,worst symmetry,569,569,0.2900755708948799,0.2916145303494482,0.0015389594545682783,-0.4512706939536798,0.6518827125426813,0.05799648506151142,0.024874661461604337,0.10466284757072152
2,2060,Breast Cancer,Normal,30,worst fractal dimension,569,569,0.08394581713895387,0.08511537304950095,0.0011695559105470849,-1.163214764578812,0.24499105098938462,0.08611599297012303,0.06475486329236661,0.1251896429082096
2,2060,Breast Cancer,Log-normal,1,mean radius,569,569,14.127291743072348,13.734148784764832,-0.3931429583075161,2.127678785659664,0.03359528191588854,0.10193321616871705,-0.11155994764064946,0.18425211688578333
2,2060,Breast Cancer,Log-normal,2,mean texture,569,569,19.289648528677297,18.567116923407635,-0.722531605269662,3.086819801043427,0.0020738212129901065,0.10017574692442882,-0.1679902917163622,0.226299400387842
2,2060,Breast Cancer,Log-normal,3,mean perimeter,569,569,91.96903329993384,89.1514439909655,-2.817589308968337,2.2281420714342466,0.026083548644394355,0.10720562390158173,-0.11595502047777712,0.1932448895899567
2,2060,Breast Cancer,Log-normal,4,mean area,569,569,654.889103814043,605.7150000386163,-49.174103775426715,2.6956675804646535,0.007138410692554146,0.1054481546572935,-0.13973315924818944,0.1926433233567195
2,2060,Breast Cancer,Log-normal,5,mean smoothness,569,569,0.09636028129312821,0.09649265767034203,0.00013237637721381923,-0.18075169768080288,0.8565975478617995,0.13884007029876977,0.00941273572067781,0.23600388371924524
2,2060,Breast Cancer,Log-normal,6,mean compactness,569,569,0.10434098429781481,0.10264842744887216,-0.0016925568489426501,0.6127391527162516,0.5401814193747889,0.13181019332161686,-0.03204823762625983,0.2084114338309012
2,2060,Breast Cancer,Log-normal,7,mean concavity,569,569,0.08879931578830029,0.08415800380959995,-0.004641311978700338,1.1234310430640626,0.26151444843348154,0.12302284710017575,-0.05822018181254026,0.19696465135478042
2,2060,Breast Cancer,Log-normal,8,mean concave points,569,569,0.04891914597230428,0.04571139295945543,-0.0032077530128488546,1.6022794354743242,0.10940037527280161,0.10720562390158173,-0.08266802252176184,0.22154960115936104
2,2060,Breast Cancer,Log-normal,9,mean symmetry,569,569,0.18116186307792295,0.17939222600108082,-0.0017696370768421343,1.2886861489898722,0.1978117488491766,0.11072056239015818,-0.06455200802341035,0.2731186344173456
2,2060,Breast Cancer,Log-normal,10,mean fractal dimension,569,569,0.06279760972974799,0.06285881634101088,6.120661126289562e-05,-0.16460151760477057,0.8692890098132373,0.12126537785588752,0.008667978321875863,0.1833187413069802
2,2060,Breast Cancer,Log-normal,11,radius error,569,569,0.40517205624515434,0.3530000591608049,-0.05217199708434944,3.5544128835308806,0.00039541218620664287,0.11599297012302284,-0.188134297954309,0.19967557416293172
2,2060,Breast Cancer,Log-normal,12,texture error,569,569,1.2168534254566856,1.1799903028040652,-0.03686312265262037,1.095547405738351,0.27350980355554744,0.09314586994727592,-0.06682395611339188,0.17812466718431436
2,2060,Breast Cancer,Log-normal,13,perimeter error,569,569,2.8660592201095474,2.4909794936071172,-0.37507972650243016,3.537574365867592,0.0004213941723539864,0.11247803163444639,-0.185512777713642,0.2111510539486547
2,2060,Breast Cancer,Log-normal,14,area error,569,569,40.33707911519887,32.614387699925,-7.7226914152738715,3.0020759914613815,0.002740637765496853,0.1195079086115993,-0.16976310825635205,0.18854614456865157
2,2060,Breast Cancer,Log-normal,15,smoothness error,569,569,0.007040978908565007,0.006518562737425138,-0.0005224161711398691,3.4416040454171593,0.0006023040940501805,0.11247803163444639,-0.17399280706919978,0.22537753458903648
2,2060,Breast Cancer,Log-normal,16,compactness error,569,569,0.025478138811378913,0.0248852077605995,-0.0005929310507794133,0.6046166877573979,0.5455580311742916,0.1195079086115993,-0.03310946727714112,0.13587667341329163
2,2060,Breast Cancer,Log-normal,17,concavity error,569,569,0.03189371635352535,0.03306959842876752,0.0011758820752421698,-0.742856870107217,0.4577338127651286,0.1282952548330404,0.03895429463301842,0.12923371039603218
2,2060,Breast Cancer,Log-normal,18,concave points error,569,569,0.011796137079660353,0.012083884882650654,0.00028774780299030064,-0.8990910322973801,0.36881260254207837,0.12478031634446397,0.046634613243926475,0.20897309077305604
2,2060,Breast Cancer,Log-normal,19,symmetry error,569,569,0.020542298759512197,0.019485565745361765,-0.0010567330141504315,2.4332932274551755,0.015127120890696361,0.1054481546572935,-0.12783534470511265,0.234440239753439
2,2060,Breast Cancer,Log-normal,20,fractal dimension error,569,569,0.0037949038734937804,0.0034937147448626665,-0.0003011891286311139,2.1744703072678715,0.02989213797788609,0.09314586994727592,-0.11382508851023002,0.14925235151590927
2,2060,Breast Cancer,Log-normal,21,worst radius,569,569,16.269189776770887,15.688575585403845,-0.580614191367042,2.249574990961058,0.024677127702529417,0.10193321616871705,-0.1201299284276841,0.17127885949293747
2,2060,Breast Cancer,Log-normal,22,worst texture,569,569,25.67722316534113,24.93726831747903,-0.7399548478620979,2.203472139508397,0.0277678994296698,0.0773286467486819,-0.12039128797808658,0.18293043363164527
2,2060,Breast Cancer,Log-normal,23,worst perimeter,569,569,107.26121279644421,103.42093121439795,-3.8402815820462592,2.1561111019093397,0.03129761329630721,0.09666080843585237,-0.11428558454392558,0.18100492917001643
2,2060,Breast Cancer,Log-normal,24,worst area,569,569,880.5831290514901,801.1727196772194,-79.41040937427067,2.580224047161623,0.010003422440136477,0.10720562390158173,-0.13947372229479077,0.18345663693241862
2,2060,Breast Cancer,Log-normal,25,worst smoothness,569,569,0.13236859435565862,0.13271498909262655,0.000346394736967931,-0.2779869171647174,0.7810746277844787,0.0984182776801406,0.015171069372432915,0.1685427059786959
2,2060,Breast Cancer,Log-normal,26,worst compactness,569,569,0.25426504394016597,0.2546490104247035,0.00038396648453753457,-0.04486788368775651,0.9642207806263341,0.11072056239015818,0.0024400793546689057,0.13184112732575456
2,2060,Breast Cancer,Log-normal,27,worst concavity,569,569,0.2721884833807977,0.2763982841332553,0.004209800752457582,-0.3747153579656811,0.7079452534249641,0.1282952548330404,0.0201789388379218,0.14923090519131663
2,2060,Breast Cancer,Log-normal,28,worst concave points,569,569,0.11460622294146325,0.11562439034200275,0.0010181674005395047,-0.29166276635969984,0.7706009578736549,0.11072056239015818,0.015489581914131297,0.1937294497549699
2,2060,Breast Cancer,Log-normal,29,worst symmetry,569,569,0.2900755708948799,0.2893123881259576,-0.0007631827689222881,0.23499533129393363,0.8142579235289179,0.10369068541300527,-0.012336171140830889,0.17975492300475046
2,2060,Breast Cancer,Log-normal,30,worst fractal dimension,569,569,0.08394581713895387,0.08491527544161033,0.0009694583026564618,-0.9936392871463894,0.32061895569889826,0.12478031634446397,0.053675480471494605,0.1539309537461653
2,2060,Breast Cancer,Class GMM,1,mean radius,569,569,14.127291743072348,14.084434841135893,-0.04285690193645486,0.2120191139157634,0.8321303333281791,0.03866432337434095,-0.012161344088451256,0.06173698466591859
2,2060,Breast Cancer,Class GMM,2,mean texture,569,569,19.289648528677297,19.101274626116762,-0.1883739025605351,0.793122769017447,0.42787577256636755,0.043936731107205626,-0.043797698562050284,0.08903198492332157
2,2060,Breast Cancer,Class GMM,3,mean perimeter,569,569,91.96903329993384,91.722622118851,-0.24641118108283422,0.17612861205218555,0.8602244089375654,0.03690685413005272,-0.010140612813650344,0.05207214388634621
2,2060,Breast Cancer,Class GMM,4,mean area,569,569,654.889103814043,643.0559515927923,-11.833152221250657,0.5910874720010991,0.5545802726078846,0.040421792618629174,-0.03362504966820511,0.05878596963253965
2,2060,Breast Cancer,Class GMM,5,mean smoothness,569,569,0.09636028129312821,0.09694363424957113,0.0005833529564429202,-0.7609735304250042,0.44683609632142507,0.08787346221441125,0.04147791287630514,0.14012364330375404
2,2060,Breast Cancer,Class GMM,6,mean compactness,569,569,0.10434098429781481,0.10693990051752915,0.0025989162197143367,-0.8520577131083067,0.3943621682379366,0.070298769771529,0.049209917853916006,0.08661777926145398
2,2060,Breast Cancer,Class GMM,7,mean concavity,569,569,0.08879931578830029,0.09006718427720879,0.0012678684889085023,-0.2774471327714617,0.7814875203561766,0.070298769771529,0.015904017752835283,0.06709134290313941
2,2060,Breast Cancer,Class GMM,8,mean concave points,569,569,0.04891914597230428,0.05032972934936551,0.0014105833770612294,-0.6279820343359787,0.5301422295635501,0.054481546572934976,0.03635261666624584,0.08132597339191351
2,2060,Breast Cancer,Class GMM,9,mean symmetry,569,569,0.18116186307792295,0.1821904286401762,0.001028565562253253,-0.6924263880009686,0.4888166111915204,0.07557117750439367,0.03751886049744356,0.1446528356076044
2,2060,Breast Cancer,Class GMM,10,mean fractal dimension,569,569,0.06279760972974799,0.06326783304421889,0.0004702233144708995,-1.199782579555136,0.23047890308608165,0.10369068541300527,0.06660012756881292,0.13680978554262085
2,2060,Breast Cancer,Class GMM,11,radius error,569,569,0.40517205624515434,0.4034610407292738,-0.001711015515880543,0.11354082119094448,0.9096225898121293,0.0421792618629174,-0.00617018397817706,0.0790799613089779
2,2060,Breast Cancer,Class GMM,12,texture error,569,569,1.2168534254566856,1.2438469164610328,0.026993491004347225,-0.8621173661947829,0.388806393086769,0.070298769771529,0.04893224553231269,0.09300199334637092
2,2060,Breast Cancer,Class GMM,13,perimeter error,569,569,2.8660592201095474,2.8416355087803202,-0.02442371132922716,0.22256572871538136,0.8239150134032773,0.03866432337434095,-0.012079917710196357,0.06958716571576225
2,2060,Breast Cancer,Class GMM,14,area error,569,569,40.33707911519887,37.95922251200215,-2.3778566031967188,1.0129109660293385,0.31134044316992693,0.040421792618629174,-0.05227101546524107,0.07426414217865768
2,2060,Breast Cancer,Class GMM,15,smoothness error,569,569,0.007040978908565007,0.006988873185593183,-5.210572297182411e-05,0.33431050962611986,0.738212686809333,0.08260105448154657,-0.017354289024797923,0.14484033757215187
2,2060,Breast Cancer,Class GMM,16,compactness error,569,569,0.025478138811378913,0.02610750401649143,0.000629365205112517,-0.6303720985705533,0.528580113279472,0.10017574692442882,0.035144023847611595,0.09832246594609266
2,2060,Breast Cancer,Class GMM,17,concavity error,569,569,0.03189371635352535,0.03170237528732675,-0.0001913410661985998,0.1245905059067978,0.9008726112398914,0.07205623901581722,-0.006338879791445376,0.10077979620899982
2,2060,Breast Cancer,Class GMM,18,concave points error,569,569,0.011796137079660353,0.01206237657539062,0.0002662394957302673,-0.7708556762955497,0.44095515258887885,0.05272407732864675,0.0431488808759944,0.09884320884991403
2,2060,Breast Cancer,Class GMM,19,symmetry error,569,569,0.020542298759512197,0.021238782461110654,0.0006964837015984576,-1.5537753070442124,0.12052718531395737,0.14938488576449913,0.08425510331345978,0.15231582927224804
2,2060,Breast Cancer,Class GMM,20,fractal dimension error,569,569,0.0037949038734937804,0.0038301956619713816,3.529178847760115e-05,-0.2538102963526591,0.7996914672480284,0.0984182776801406,0.01333733634098586,0.11518660886223046
2,2060,Breast Cancer,Class GMM,21,worst radius,569,569,16.269189776770887,16.10851424440139,-0.1606755323694955,0.5744130551237054,0.5658023216316297,0.0421792618629174,-0.03324453470102038,0.061854778317952774
2,2060,Breast Cancer,Class GMM,22,worst texture,569,569,25.67722316534113,25.418885598073736,-0.2583375672673931,0.7356837593366398,0.4620759370581137,0.03866432337434095,-0.04203159483855131,0.06799254795638678
2,2060,Breast Cancer,Class GMM,23,worst perimeter,569,569,107.26121279644421,106.43184791926969,-0.8293648771745268,0.42421575097583686,0.671488912621512,0.0421792618629174,-0.024681721092941585,0.05462858577518581
2,2060,Breast Cancer,Class GMM,24,worst area,569,569,880.5831290514901,859.3862109192645,-21.19691813222562,0.6472024026454417,0.5176322183108089,0.0351493848857645,-0.037229540717029656,0.06339931251789045
2,2060,Breast Cancer,Class GMM,25,worst smoothness,569,569,0.13236859435565862,0.13234001322140385,-2.858113425477371e-05,0.022424732613527006,0.9821131542074906,0.043936731107205626,-0.0012517470126613753,0.08675341254661588
2,2060,Breast Cancer,Class GMM,26,worst compactness,569,569,0.25426504394016597,0.25427255952675126,7.515586585293832e-06,-0.0008495538896084345,0.9993223051715764,0.056239015817223195,4.773327102752401e-05,0.07452625323972649
2,2060,Breast Cancer,Class GMM,27,worst concavity,569,569,0.2721884833807977,0.26898747910328064,-0.003201004277517072,0.2718874988872305,0.7857584589097809,0.05975395430579965,-0.015343410374658459,0.07812820670010619
2,2060,Breast Cancer,Class GMM,28,worst concave points,569,569,0.11460622294146325,0.11443485274664593,-0.00017137019481731908,0.04476520385932646,0.9643023382929101,0.03163444639718805,-0.00260687342263132,0.060978952792837944
2,2060,Breast Cancer,Class GMM,29,worst symmetry,569,569,0.2900755708948799,0.2908433855156069,0.0007678146207270031,-0.23524449307412124,0.8140643024742964,0.07908611599297012,0.01241035484014316,0.1398440034590171
2,2060,Breast Cancer,Class GMM,30,worst fractal dimension,569,569,0.08394581713895387,0.08418382742231047,0.0002380102833565989,-0.24037782873919253,0.8100819814115446,0.07908611599297012,0.013177857033761117,0.10568201956048491
2,2060,Diabetes,Normal,1,preg,768,768,3.8450520833333335,3.2092945653912466,-0.6357575179420869,4.070527733263498,4.940572007887788e-05,0.13020833333333334,-0.18867568077203517,0.22356561967033656
2,2060,Diabetes,Normal,2,plas,768,768,120.89453125,116.90393661955993,-3.9905946304400715,3.0057121430561464,0.002703866421249375,0.15885416666666666,-0.12481283026882048,0.33423126567080436
2,2060,Diabetes,Normal,3,pres,768,768,69.10546875,69.84675285685807,0.7412841068580747,-0.8954257424243438,0.3707252257612975,0.16927083333333334,0.03829752765515394,0.2639992738138363
2,2060,Diabetes,Normal,4,skin,768,768,20.536458333333332,18.809989286142656,-1.726469047190676,2.39858727064263,0.016586504302078267,0.2630208333333333,-0.10822752905582267,0.2318952860426775
2,2060,Diabetes,Normal,5,insu,768,768,79.79947916666667,45.24680484395227,-34.5526743227144,7.300965458933553,5.229996232995226e-13,0.25390625,-0.29982184354035035,0.3032635431808287
2,2060,Diabetes,Normal,6,mass,768,768,31.99257813890775,31.607197587067883,-0.38538055183986586,1.20074395278303,0.23009643832120075,0.17447916666666666,-0.048880256857826855,0.36336515158824345
2,2060,Diabetes,Normal,7,pedi,768,768,0.4718763029280429,0.42779723194932257,-0.044079070978720325,3.0633694726126497,0.0022322500938591807,0.1015625,-0.1330373086931168,0.22159526012247602
2,2060,Diabetes,Normal,8,age,768,768,33.240885416666664,32.9147726247708,-0.3261127918958664,0.581037635278582,0.561302197337612,0.14192708333333334,-0.027730290977648536,0.11653957983906305
2,2060,Diabetes,Log-normal,1,preg,768,768,3.8450520833333335,3.5017985302668726,-0.3432535530664609,2.221971651400046,0.026438946561007873,0.14192708333333334,-0.10186835311735944,0.17987795418110858
2,2060,Diabetes,Log-normal,2,plas,768,768,120.89453125,118.37848078459501,-2.5160504654049873,1.9399203174727637,0.05263460840692392,0.22916666666666666,-0.07869396988342085,0.3878350808132035
2,2060,Diabetes,Log-normal,3,pres,768,768,69.10546875,69.78568855502333,0.6802198050233272,-0.8110802725842584,0.4174642497597997,0.20052083333333334,0.035142625880245776,0.2739586969918735
2,2060,Diabetes,Log-normal,4,skin,768,768,20.536458333333332,21.269006556913457,0.7325482235801246,-1.0179721323273956,0.30886427680023065,0.20442708333333334,0.04592137602713487,0.3037542432609061
2,2060,Diabetes,Log-normal,5,insu,768,768,79.79947916666667,59.401900895911204,-20.397578270755467,3.8384801743690566,0.00012908649663185672,0.3072916666666667,-0.17699467907276287,0.19183861026412485
2,2060,Diabetes,Log-normal,6,mass,768,768,31.99257813890775,31.527172828714054,-0.46540531019369524,1.5265082518482045,0.12720279423213846,0.22135416666666666,-0.059030802847634824,0.46023581289151355
2,2060,Diabetes,Log-normal,7,pedi,768,768,0.4718763029280429,0.45848262110181776,-0.013393681826225134,0.8959080344319282,0.3704533954727698,0.12109375,-0.04042412968404979,0.17048017174064073
2,2060,Diabetes,Log-normal,8,age,768,768,33.240885416666664,32.753193025787674,-0.4876923908789905,0.9233386921051192,0.3559882334516614,0.16276041666666666,-0.04146974207592152,0.19658038113363957
2,2060,Diabetes,Class GMM,1,preg,768,768,3.8450520833333335,3.172832576576184,-0.6722195067571497,4.327913405833401,1.607722496770817e-05,0.13671875,-0.19949664031823314,0.23828661582937105
2,2060,Diabetes,Class GMM,2,plas,768,768,120.89453125,117.36298688749473,-3.5315443625052723,2.701213217015048,0.007008474171363655,0.171875,-0.11045537575330223,0.3567670391381602
2,2060,Diabetes,Class GMM,3,pres,768,768,69.10546875,69.01074042497203,-0.09472832502797246,0.10563190890263027,0.9158888447813778,0.19401041666666666,-0.004893960574370286,0.227698864737708
2,2060,Diabetes,Class GMM,4,skin,768,768,20.536458333333332,19.046888469232652,-1.4895698641006803,1.9932277947608201,0.04641953277019137,0.17708333333333334,-0.09337702766622236,0.19826009338114828
2,2060,Diabetes,Class GMM,5,insu,768,768,79.79947916666667,59.4888341039001,-20.310645062766568,4.026884659497609,5.964626945394788e-05,0.2643229166666667,-0.1762403723947324,0.17908520851006937
2,2060,Diabetes,Class GMM,6,mass,768,768,31.99257813890775,31.041342473899324,-0.9512356650084257,2.991835405197809,0.0028334088991278784,0.21744791666666666,-0.12065161821652623,0.3992636298565986
2,2060,Diabetes,Class GMM,7,pedi,768,768,0.4718763029280429,0.44681607456489775,-0.025060228363145143,1.6287527130834079,0.10357955865938313,0.11458333333333333,-0.07563559682206761,0.16619849687533256
2,2060,Diabetes,Class GMM,8,age,768,768,33.240885416666664,32.89792856077353,-0.34295685589313507,0.5963778575927933,0.5510115206983043,0.1328125,-0.029162396098381244,0.10826248891693092
